{
	"schema": "",
	"tables": [
		{
			"name": "autoinckeywordtest",
			"schema_name": "",
			"columns": [
				{
					"name": "id",
					"type": "null.Int64",
					"db_type": "INTEGER",
					"default": "auto_increment",
					"comment": "",
					"nullable": true,
					"unique": false,
					"validated": false,
					"auto_generated": true,
					"arr_type": null,
					"udt_name": "",
					"domain_name": null,
					"full_db_type": "INTEGER"
				},
				{
					"name": "b",
					"type": "null.Int64",
					"db_type": "INTEGER",
					"default": "NULL",
					"comment": "",
					"nullable": true,
					"unique": false,
					"validated": false,
					"auto_generated": false,
					"arr_type": null,
					"udt_name": "",
					"domain_name": null,
					"full_db_type": "INTEGER"
				}
			],
			"p_key": {
				"name": "",
				"columns": [
					"id"
				]
			},
			"f_keys": null,
			"is_join_table": false,
			"to_one_relationships": null,
			"to_many_relationships": null,
			"is_view": false,
			"view_capabilities": {
				"can_insert": false,
				"can_upsert": false
			}
		},
		{
			"name": "autoinctest",
			"schema_name": "",
			"columns": [
				{
					"name": "id",
					"type": "null.Int64",
					"db_type": "INTEGER",
					"default": "auto_increment",
					"comment": "",
					"nullable": true,
					"unique": false,
					"validated": false,
					"auto_generated": true,
					"arr_type": null,
					"udt_name": "",
					"domain_name": null,
					"full_db_type": "INTEGER"
				}
			],
			"p_key": {
				"name": "",
				"columns": [
					"id"
				]
			},
			"f_keys": null,
			"is_join_table": false,
			"to_one_relationships": null,
			"to_many_relationships": null,
			"is_view": false,
			"view_capabilities": {
				"can_insert": false,
				"can_upsert": false
			}
		},
		{
			"name": "compositeprimarykeytest",
			"schema_name": "",
			"columns": [
				{
					"name": "a",
					"type": "null.Int64",
					"db_type": "INTEGER",
					"default": "NULL",
					"comment": "",
					"nullable": true,
					"unique": false,
					"validated": false,
					"auto_generated": false,
					"arr_type": null,
					"udt_name": "",
					"domain_name": null,
					"full_db_type": "INTEGER"
				},
				{
					"name": "b",
					"type": "null.Int64",
					"db_type": "INTEGER",
					"default": "NULL",
					"comment": "",
					"nullable": true,
					"unique": false,
					"validated": false,
					"auto_generated": false,
					"arr_type": null,
					"udt_name": "",
					"domain_name": null,
					"full_db_type": "INTEGER"
				}
			],
			"p_key": {
				"name": "",
				"columns": [
					"a",
					"b"
				]
			},
			"f_keys": null,
			"is_join_table": false,
			"to_one_relationships": null,
			"to_many_relationships": null,
			"is_view": false,
			"view_capabilities": {
				"can_insert": false,
				"can_upsert": false
			}
		},
		{
			"name": "has_generated_columns",
			"schema_name": "",
			"columns": [
				{
					"name": "a",
					"type": "null.Int64",
					"db_type": "INTEGER",
					"default": "auto_increment",
					"comment": "",
					"nullable": true,
					"unique": false,
					"validated": false,
					"auto_generated": true,
					"arr_type": null,
					"udt_name": "",
					"domain_name": null,
					"full_db_type": "INTEGER"
				},
				{
					"name": "b",
					"type": "null.Int64",
					"db_type": "INT",
					"default": "NULL",
					"comment": "",
					"nullable": true,
					"unique": false,
					"validated": false,
					"auto_generated": false,
					"arr_type": null,
					"udt_name": "",
					"domain_name": null,
					"full_db_type": "INT"
				},
				{
					"name": "c",
					"type": "null.String",
					"db_type": "TEXT",
					"default": "NULL",
					"comment": "",
					"nullable": true,
					"unique": false,
					"validated": false,
					"auto_generated": false,
					"arr_type": null,
					"udt_name": "",
					"domain_name": null,
					"full_db_type": "TEXT"
				},
				{
					"name": "d",
					"type": "null.Int64",
					"db_type": "INT",
					"default": "auto_generated",
					"comment": "",
					"nullable": true,
					"unique": false,
					"validated": false,
					"auto_generated": true,
					"arr_type": null,
					"udt_name": "",
					"domain_name": null,
					"full_db_type": "INT"
				},
				{
					"name": "e",
					"type": "null.String",
					"db_type": "TEXT",
					"default": "auto_generated",
					"comment": "",
					"nullable": true,
					"unique": false,
					"validated": false,
					"auto_generated": true,
					"arr_type": null,
					"udt_name": "",
					"domain_name": null,
					"full_db_type": "TEXT"
				}
			],
			"p_key": {
				"name": "",
				"columns": [
					"a"
				]
			},
			"f_keys": null,
			"is_join_table": false,
			"to_one_relationships": null,
			"to_many_relationships": null,
			"is_view": false,
			"view_capabilities": {
				"can_insert": false,
				"can_upsert": false
			}
		},
		{
			"name": "node",
			"schema_name": "",
			"columns": [
				{
					"name": "id",
					"type": "null.Int64",
					"db_type": "INT",
					"default": "NULL",
					"comment": "",
					"nullable": true,
					"unique": true,
					"validated": false,
					"auto_generated": false,
					"arr_type": null,
					"udt_name": "",
					"domain_name": null,
					"full_db_type": "INT"
				},
				{
					"name": "parent_id",
					"type": "null.Int64",
					"db_type": "INT",
					"default": "NULL",
					"comment": "",
					"nullable": true,
					"unique": false,
					"validated": false,
					"auto_generated": false,
					"arr_type": null,
					"udt_name": "",
					"domain_name": null,
					"full_db_type": "INT"
				},
				{
					"name": "root_id",
					"type": "int64",
					"db_type": "INT",
					"default": "",
					"comment": "",
					"nullable": false,
					"unique": false,
					"validated": false,
					"auto_generated": false,
					"arr_type": null,
					"udt_name": "",
					"domain_name": null,
					"full_db_type": "INT"
				}
			],
			"p_key": {
				"name": "",
				"columns": [
					"id"
				]
			},
			"f_keys": [
				{
					"table": "node",
					"name": "FK_1",
					"column": "root_id",
					"nullable": false,
					"unique": false,
					"foreign_table": "node",
					"foreign_column": "id",
					"foreign_column_nullable": true,
					"foreign_column_unique": true
				},
				{
					"table": "node",
					"name": "FK_2",
					"column": "parent_id",
					"nullable": true,
					"unique": false,
					"foreign_table": "node",
					"foreign_column": "id",
					"foreign_column_nullable": true,
					"foreign_column_unique": true
				}
			],
			"is_join_table": false,
			"to_one_relationships": null,
			"to_many_relationships": [
				{
					"name": "FK_1",
					"table": "node",
					"column": "id",
					"nullable": true,
					"unique": true,
					"foreign_table": "node",
					"foreign_column": "root_id",
					"foreign_column_nullable": false,
					"foreign_column_unique": false,
					"to_join_table": false,
					"join_table": "",
					"join_local_fkey_name": "",
					"join_local_column": "",
					"join_local_column_nullable": false,
					"join_local_column_unique": false,
					"join_foreign_fkey_name": "",
					"join_foreign_column": "",
					"join_foreign_column_nullable": false,
					"join_foreign_column_unique": false
				},
				{
					"name": "FK_2",
					"table": "node",
					"column": "id",
					"nullable": true,
					"unique": true,
					"foreign_table": "node",
					"foreign_column": "parent_id",
					"foreign_column_nullable": true,
					"foreign_column_unique": false,
					"to_join_table": false,
					"join_table": "",
					"join_local_fkey_name": "",
					"join_local_column": "",
					"join_local_column_nullable": false,
					"join_local_column_unique": false,
					"join_foreign_fkey_name": "",
					"join_foreign_column": "",
					"join_foreign_column_nullable": false,
					"join_foreign_column_unique": false
				}
			],
			"is_view": false,
			"view_capabilities": {
				"can_insert": false,
				"can_upsert": false
			}
		},
		{
			"name": "sponsors",
			"schema_name": "",
			"columns": [
				{
					"name": "id",
					"type": "int64",
					"db_type": "INT",
					"default": "",
					"comment": "",
					"nullable": false,
					"unique": true,
					"validated": false,
					"auto_generated": false,
					"arr_type": null,
					"udt_name": "",
					"domain_name": null,
					"full_db_type": "INT"
				}
			],
			"p_key": {
				"name": "",
				"columns": [
					"id"
				]
			},
			"f_keys": null,
			"is_join_table": false,
			"to_one_relationships": [
				{
					"name": "FK_0",
					"table": "sponsors",
					"column": "id",
					"nullable": false,
					"unique": true,
					"foreign_table": "videos",
					"foreign_column": "sponsor_id",
					"foreign_column_nullable": true,
					"foreign_column_unique": true
				}
			],
			"to_many_relationships": null,
			"is_view": false,
			"view_capabilities": {
				"can_insert": false,
				"can_upsert": false
			}
		},
		{
			"name": "tags",
			"schema_name": "",
			"columns": [
				{
					"name": "id",
					"type": "int64",
					"db_type": "INT",
					"default": "",
					"comment": "",
					"nullable": false,
					"unique": true,
					"validated": false,
					"auto_generated": false,
					"arr_type": null,
					"udt_name": "",
					"domain_name": null,
					"full_db_type": "INT"
				}
			],
			"p_key": {
				"name": "",
				"columns": [
					"id"
				]
			},
			"f_keys": null,
			"is_join_table": false,
			"to_one_relationships": null,
			"to_many_relationships": [
				{
					"name": "",
					"table": "tags",
					"column": "id",
					"nullable": false,
					"unique": true,
					"foreign_table": "videos",
					"foreign_column": "id",
					"foreign_column_nullable": false,
					"foreign_column_unique": true,
					"to_join_table": true,
					"join_table": "video_tags",
					"join_local_fkey_name": "FK_0",
					"join_local_column": "tag_id",
					"join_local_column_nullable": false,
					"join_local_column_unique": false,
					"join_foreign_fkey_name": "FK_1",
					"join_foreign_column": "video_id",
					"join_foreign_column_nullable": false,
					"join_foreign_column_unique": false
				}
			],
			"is_view": false,
			"view_capabilities": {
				"can_insert": false,
				"can_upsert": false
			}
		},
		{
			"name": "type_monsters",
			"schema_name": "",
			"columns": [
				{
					"name": "id",
					"type": "int64",
					"db_type": "INT",
					"default": "",
					"comment": "",
					"nullable": false,
					"unique": true,
					"validated": false,
					"auto_generated": false,
					"arr_type": null,
					"udt_name": "",
					"domain_name": null,
					"full_db_type": "INT"
				},
				{
					"name": "id_two",
					"type": "int64",
					"db_type": "INT",
					"default": "",
					"comment": "",
					"nullable": false,
					"unique": false,
					"validated": false,
					"auto_generated": false,
					"arr_type": null,
					"udt_name": "",
					"domain_name": null,
					"full_db_type": "INT"
				},
				{
					"name": "id_three",
					"type": "null.Int64",
					"db_type": "INT",
					"default": "NULL",
					"comment": "",
					"nullable": true,
					"unique": false,
					"validated": false,
					"auto_generated": false,
					"arr_type": null,
					"udt_name": "",
					"domain_name": null,
					"full_db_type": "INT"
				},
				{
					"name": "bool_zero",
					"type": "null.String",
					"db_type": "BOOL",
					"default": "NULL",
					"comment": "",
					"nullable": true,
					"unique": false,
					"validated": false,
					"auto_generated": false,
					"arr_type": null,
					"udt_name": "",
					"domain_name": null,
					"full_db_type": "BOOL"
				},
				{
					"name": "bool_one",
					"type": "null.String",
					"db_type": "BOOL",
					"default": "NULL",
					"comment": "",
					"nullable": true,
					"unique": false,
					"validated": false,
					"auto_generated": false,
					"arr_type": null,
					"udt_name": "",
					"domain_name": null,
					"full_db_type": "BOOL"
				},
				{
					"name": "bool_two",
					"type": "string",
					"db_type": "BOOL",
					"default": "",
					"comment": "",
					"nullable": false,
					"unique": false,
					"validated": false,
					"auto_generated": false,
					"arr_type": null,
					"udt_name": "",
					"domain_name": null,
					"full_db_type": "BOOL"
				},
				{
					"name": "bool_three",
					"type": "null.String",
					"db_type": "BOOL",
					"default": "false",
					"comment": "",
					"nullable": true,
					"unique": false,
					"validated": false,
					"auto_generated": false,
					"arr_type": null,
					"udt_name": "",
					"domain_name": null,
					"full_db_type": "BOOL"
				},
				{
					"name": "bool_four",
					"type": "null.String",
					"db_type": "BOOL",
					"default": "true",
					"comment": "",
					"nullable": true,
					"unique": false,
					"validated": false,
					"auto_generated": false,
					"arr_type": null,
					"udt_name": "",
					"domain_name": null,
					"full_db_type": "BOOL"
				},
				{
					"name": "bool_five",
					"type": "string",
					"db_type": "BOOL",
					"default": "false",
					"comment": "",
					"nullable": false,
					"unique": false,
					"validated": false,
					"auto_generated": false,
					"arr_type": null,
					"udt_name": "",
					"domain_name": null,
					"full_db_type": "BOOL"
				},
				{
					"name": "bool_six",
					"type": "string",
					"db_type": "BOOL",
					"default": "true",
					"comment": "",
					"nullable": false,
					"unique": false,
					"validated": false,
					"auto_generated": false,
					"arr_type": null,
					"udt_name": "",
					"domain_name": null,
					"full_db_type": "BOOL"
				},
				{
					"name": "string_zero",
					"type": "null.String",
					"db_type": "VARCHAR(1)",
					"default": "NULL",
					"comment": "",
					"nullable": true,
					"unique": false,
					"validated": false,
					"auto_generated": false,
					"arr_type": null,
					"udt_name": "",
					"domain_name": null,
					"full_db_type": "VARCHAR(1)"
				},
				{
					"name": "string_one",
					"type": "null.String",
					"db_type": "VARCHAR(1)",
					"default": "NULL",
					"comment": "",
					"nullable": true,
					"unique": false,
					"validated": false,
					"auto_generated": false,
					"arr_type": null,
					"udt_name": "",
					"domain_name": null,
					"full_db_type": "VARCHAR(1)"
				},
				{
					"name": "string_two",
					"type": "string",
					"db_type": "VARCHAR(1)",
					"default": "",
					"comment": "",
					"nullable": false,
					"unique": false,
					"validated": false,
					"auto_generated": false,
					"arr_type": null,
					"udt_name": "",
					"domain_name": null,
					"full_db_type": "VARCHAR(1)"
				},
				{
					"name": "string_three",
					"type": "null.String",
					"db_type": "VARCHAR(1)",
					"default": "'a'",
					"comment": "",
					"nullable": true,
					"unique": false,
					"validated": false,
					"auto_generated": false,
					"arr_type": null,
					"udt_name": "",
					"domain_name": null,
					"full_db_type": "VARCHAR(1)"
				},
				{
					"name": "string_four",
					"type": "string",
					"db_type": "VARCHAR(1)",
					"default": "'b'",
					"comment": "",
					"nullable": false,
					"unique": false,
					"validated": false,
					"auto_generated": false,
					"arr_type": null,
					"udt_name": "",
					"domain_name": null,
					"full_db_type": "VARCHAR(1)"
				},
				{
					"name": "string_five",
					"type": "null.String",
					"db_type": "VARCHAR(1000)",
					"default": "NULL",
					"comment": "",
					"nullable": true,
					"unique": false,
					"validated": false,
					"auto_generated": false,
					"arr_type": null,
					"udt_name": "",
					"domain_name": null,
					"full_db_type": "VARCHAR(1000)"
				},
				{
					"name": "string_six",
					"type": "null.String",
					"db_type": "VARCHAR(1000)",
					"default": "NULL",
					"comment": "",
					"nullable": true,
					"unique": false,
					"validated": false,
					"auto_generated": false,
					"arr_type": null,
					"udt_name": "",
					"domain_name": null,
					"full_db_type": "VARCHAR(1000)"
				},
				{
					"name": "string_seven",
					"type": "string",
					"db_type": "VARCHAR(1000)",
					"default": "",
					"comment": "",
					"nullable": false,
					"unique": false,
					"validated": false,
					"auto_generated": false,
					"arr_type": null,
					"udt_name": "",
					"domain_name": null,
					"full_db_type": "VARCHAR(1000)"
				},
				{
					"name": "string_eight",
					"type": "null.String",
					"db_type": "VARCHAR(1000)",
					"default": "'abcdefgh'",
					"comment": "",
					"nullable": true,
					"unique": false,
					"validated": false,
					"auto_generated": false,
					"arr_type": null,
					"udt_name": "",
					"domain_name": null,
					"full_db_type": "VARCHAR(1000)"
				},
				{
					"name": "string_nine",
					"type": "string",
					"db_type": "VARCHAR(1000)",
					"default": "'abcdefgh'",
					"comment": "",
					"nullable": false,
					"unique": false,
					"validated": false,
					"auto_generated": false,
					"arr_type": null,
					"udt_name": "",
					"domain_name": null,
					"full_db_type": "VARCHAR(1000)"
				},
				{
					"name": "string_ten",
					"type": "null.String",
					"db_type": "VARCHAR(1000)",
					"default": "''",
					"comment": "",
					"nullable": true,
					"unique": false,
					"validated": false,
					"auto_generated": false,
					"arr_type": null,
					"udt_name": "",
					"domain_name": null,
					"full_db_type": "VARCHAR(1000)"
				},
				{
					"name": "string_eleven",
					"type": "string",
					"db_type": "VARCHAR(1000)",
					"default": "''",
					"comment": "",
					"nullable": false,
					"unique": false,
					"validated": false,
					"auto_generated": false,
					"arr_type": null,
					"udt_name": "",
					"domain_name": null,
					"full_db_type": "VARCHAR(1000)"
				},
				{
					"name": "big_int_zero",
					"type": "null.Int64",
					"db_type": "BIGINT",
					"default": "NULL",
					"comment": "",
					"nullable": true,
					"unique": false,
					"validated": false,
					"auto_generated": false,
					"arr_type": null,
					"udt_name": "",
					"domain_name": null,
					"full_db_type": "BIGINT"
				},
				{
					"name": "big_int_one",
					"type": "null.Int64",
					"db_type": "BIGINT",
					"default": "NULL",
					"comment": "",
					"nullable": true,
					"unique": false,
					"validated": false,
					"auto_generated": false,
					"arr_type": null,
					"udt_name": "",
					"domain_name": null,
					"full_db_type": "BIGINT"
				},
				{
					"name": "big_int_two",
					"type": "int64",
					"db_type": "BIGINT",
					"default": "",
					"comment": "",
					"nullable": false,
					"unique": false,
					"validated": false,
					"auto_generated": false,
					"arr_type": null,
					"udt_name": "",
					"domain_name": null,
					"full_db_type": "BIGINT"
				},
				{
					"name": "big_int_three",
					"type": "null.Int64",
					"db_type": "BIGINT",
					"default": "111111",
					"comment": "",
					"nullable": true,
					"unique": false,
					"validated": false,
					"auto_generated": false,
					"arr_type": null,
					"udt_name": "",
					"domain_name": null,
					"full_db_type": "BIGINT"
				},
				{
					"name": "big_int_four",
					"type": "int64",
					"db_type": "BIGINT",
					"default": "222222",
					"comment": "",
					"nullable": false,
					"unique": false,
					"validated": false,
					"auto_generated": false,
					"arr_type": null,
					"udt_name": "",
					"domain_name": null,
					"full_db_type": "BIGINT"
				},
				{
					"name": "big_int_five",
					"type": "null.Int64",
					"db_type": "BIGINT",
					"default": "0",
					"comment": "",
					"nullable": true,
					"unique": false,
					"validated": false,
					"auto_generated": false,
					"arr_type": null,
					"udt_name": "",
					"domain_name": null,
					"full_db_type": "BIGINT"
				},
				{
					"name": "big_int_six",
					"type": "int64",
					"db_type": "BIGINT",
					"default": "0",
					"comment": "",
					"nullable": false,
					"unique": false,
					"validated": false,
					"auto_generated": false,
					"arr_type": null,
					"udt_name": "",
					"domain_name": null,
					"full_db_type": "BIGINT"
				},
				{
					"name": "int_zero",
					"type": "null.Int64",
					"db_type": "INT",
					"default": "NULL",
					"comment": "",
					"nullable": true,
					"unique": false,
					"validated": false,
					"auto_generated": false,
					"arr_type": null,
					"udt_name": "",
					"domain_name": null,
					"full_db_type": "INT"
				},
				{
					"name": "int_one",
					"type": "null.Int64",
					"db_type": "INT",
					"default": "NULL",
					"comment": "",
					"nullable": true,
					"unique": false,
					"validated": false,
					"auto_generated": false,
					"arr_type": null,
					"udt_name": "",
					"domain_name": null,
					"full_db_type": "INT"
				},
				{
					"name": "int_two",
					"type": "int64",
					"db_type": "INT",
					"default": "",
					"comment": "",
					"nullable": false,
					"unique": false,
					"validated": false,
					"auto_generated": false,
					"arr_type": null,
					"udt_name": "",
					"domain_name": null,
					"full_db_type": "INT"
				},
				{
					"name": "int_three",
					"type": "null.Int64",
					"db_type": "INT",
					"default": "333333",
					"comment": "",
					"nullable": true,
					"unique": false,
					"validated": false,
					"auto_generated": false,
					"arr_type": null,
					"udt_name": "",
					"domain_name": null,
					"full_db_type": "INT"
				},
				{
					"name": "int_four",
					"type": "int64",
					"db_type": "INT",
					"default": "444444",
					"comment": "",
					"nullable": false,
					"unique": false,
					"validated": false,
					"auto_generated": false,
					"arr_type": null,
					"udt_name": "",
					"domain_name": null,
					"full_db_type": "INT"
				},
				{
					"name": "int_five",
					"type": "null.Int64",
					"db_type": "INT",
					"default": "0",
					"comment": "",
					"nullable": true,
					"unique": false,
					"validated": false,
					"auto_generated": false,
					"arr_type": null,
					"udt_name": "",
					"domain_name": null,
					"full_db_type": "INT"
				},
				{
					"name": "int_six",
					"type": "int64",
					"db_type": "INT",
					"default": "0",
					"comment": "",
					"nullable": false,
					"unique": false,
					"validated": false,
					"auto_generated": false,
					"arr_type": null,
					"udt_name": "",
					"domain_name": null,
					"full_db_type": "INT"
				},
				{
					"name": "float_zero",
					"type": "null.Float32",
					"db_type": "FLOAT",
					"default": "NULL",
					"comment": "",
					"nullable": true,
					"unique": false,
					"validated": false,
					"auto_generated": false,
					"arr_type": null,
					"udt_name": "",
					"domain_name": null,
					"full_db_type": "FLOAT"
				},
				{
					"name": "float_one",
					"type": "null.Float32",
					"db_type": "FLOAT",
					"default": "NULL",
					"comment": "",
					"nullable": true,
					"unique": false,
					"validated": false,
					"auto_generated": false,
					"arr_type": null,
					"udt_name": "",
					"domain_name": null,
					"full_db_type": "FLOAT"
				},
				{
					"name": "float_two",
					"type": "null.Float32",
					"db_type": "FLOAT(2,1)",
					"default": "NULL",
					"comment": "",
					"nullable": true,
					"unique": false,
					"validated": false,
					"auto_generated": false,
					"arr_type": null,
					"udt_name": "",
					"domain_name": null,
					"full_db_type": "FLOAT(2,1)"
				},
				{
					"name": "float_three",
					"type": "null.Float32",
					"db_type": "FLOAT(2,1)",
					"default": "NULL",
					"comment": "",
					"nullable": true,
					"unique": false,
					"validated": false,
					"auto_generated": false,
					"arr_type": null,
					"udt_name": "",
					"domain_name": null,
					"full_db_type": "FLOAT(2,1)"
				},
				{
					"name": "float_four",
					"type": "null.Float32",
					"db_type": "FLOAT(2,1)",
					"default": "NULL",
					"comment": "",
					"nullable": true,
					"unique": false,
					"validated": false,
					"auto_generated": false,
					"arr_type": null,
					"udt_name": "",
					"domain_name": null,
					"full_db_type": "FLOAT(2,1)"
				},
				{
					"name": "float_five",
					"type": "float32",
					"db_type": "FLOAT(2,1)",
					"default": "",
					"comment": "",
					"nullable": false,
					"unique": false,
					"validated": false,
					"auto_generated": false,
					"arr_type": null,
					"udt_name": "",
					"domain_name": null,
					"full_db_type": "FLOAT(2,1)"
				},
				{
					"name": "float_six",
					"type": "null.Float32",
					"db_type": "FLOAT(2,1)",
					"default": "1.1",
					"comment": "",
					"nullable": true,
					"unique": false,
					"validated": false,
					"auto_generated": false,
					"arr_type": null,
					"udt_name": "",
					"domain_name": null,
					"full_db_type": "FLOAT(2,1)"
				},
				{
					"name": "float_seven",
					"type": "float32",
					"db_type": "FLOAT(2,1)",
					"default": "1.1",
					"comment": "",
					"nullable": false,
					"unique": false,
					"validated": false,
					"auto_generated": false,
					"arr_type": null,
					"udt_name": "",
					"domain_name": null,
					"full_db_type": "FLOAT(2,1)"
				},
				{
					"name": "float_eight",
					"type": "null.Float32",
					"db_type": "FLOAT(2,1)",
					"default": "0.0",
					"comment": "",
					"nullable": true,
					"unique": false,
					"validated": false,
					"auto_generated": false,
					"arr_type": null,
					"udt_name": "",
					"domain_name": null,
					"full_db_type": "FLOAT(2,1)"
				},
				{
					"name": "float_nine",
					"type": "null.Float32",
					"db_type": "FLOAT(2,1)",
					"default": "0.0",
					"comment": "",
					"nullable": true,
					"unique": false,
					"validated": false,
					"auto_generated": false,
					"arr_type": null,
					"udt_name": "",
					"domain_name": null,
					"full_db_type": "FLOAT(2,1)"
				},
				{
					"name": "bytea_zero",
					"type": "null.String",
					"db_type": "BINARY",
					"default": "NULL",
					"comment": "",
					"nullable": true,
					"unique": false,
					"validated": false,
					"auto_generated": false,
					"arr_type": null,
					"udt_name": "",
					"domain_name": null,
					"full_db_type": "BINARY"
				},
				{
					"name": "bytea_one",
					"type": "null.String",
					"db_type": "BINARY",
					"default": "NULL",
					"comment": "",
					"nullable": true,
					"unique": false,
					"validated": false,
					"auto_generated": false,
					"arr_type": null,
					"udt_name": "",
					"domain_name": null,
					"full_db_type": "BINARY"
				},
				{
					"name": "bytea_two",
					"type": "string",
					"db_type": "BINARY",
					"default": "",
					"comment": "",
					"nullable": false,
					"unique": false,
					"validated": false,
					"auto_generated": false,
					"arr_type": null,
					"udt_name": "",
					"domain_name": null,
					"full_db_type": "BINARY"
				},
				{
					"name": "bytea_three",
					"type": "string",
					"db_type": "BINARY",
					"default": "'a'",
					"comment": "",
					"nullable": false,
					"unique": false,
					"validated": false,
					"auto_generated": false,
					"arr_type": null,
					"udt_name": "",
					"domain_name": null,
					"full_db_type": "BINARY"
				},
				{
					"name": "bytea_four",
					"type": "null.String",
					"db_type": "BINARY",
					"default": "'b'",
					"comment": "",
					"nullable": true,
					"unique": false,
					"validated": false,
					"auto_generated": false,
					"arr_type": null,
					"udt_name": "",
					"domain_name": null,
					"full_db_type": "BINARY"
				},
				{
					"name": "bytea_five",
					"type": "string",
					"db_type": "BINARY(100)",
					"default": "'abcdefghabcdefghabcdefgh'",
					"comment": "",
					"nullable": false,
					"unique": false,
					"validated": false,
					"auto_generated": false,
					"arr_type": null,
					"udt_name": "",
					"domain_name": null,
					"full_db_type": "BINARY(100)"
				},
				{
					"name": "bytea_six",
					"type": "null.String",
					"db_type": "BINARY(100)",
					"default": "'hgfedcbahgfedcbahgfedcba'",
					"comment": "",
					"nullable": true,
					"unique": false,
					"validated": false,
					"auto_generated": false,
					"arr_type": null,
					"udt_name": "",
					"domain_name": null,
					"full_db_type": "BINARY(100)"
				},
				{
					"name": "bytea_seven",
					"type": "string",
					"db_type": "BINARY",
					"default": "''",
					"comment": "",
					"nullable": false,
					"unique": false,
					"validated": false,
					"auto_generated": false,
					"arr_type": null,
					"udt_name": "",
					"domain_name": null,
					"full_db_type": "BINARY"
				},
				{
					"name": "bytea_eight",
					"type": "string",
					"db_type": "BINARY",
					"default": "''",
					"comment": "",
					"nullable": false,
					"unique": false,
					"validated": false,
					"auto_generated": false,
					"arr_type": null,
					"udt_name": "",
					"domain_name": null,
					"full_db_type": "BINARY"
				},
				{
					"name": "time_zero",
					"type": "null.Time",
					"db_type": "TIMESTAMP",
					"default": "NULL",
					"comment": "",
					"nullable": true,
					"unique": false,
					"validated": false,
					"auto_generated": false,
					"arr_type": null,
					"udt_name": "",
					"domain_name": null,
					"full_db_type": "TIMESTAMP"
				},
				{
					"name": "time_one",
					"type": "null.Time",
					"db_type": "DATE",
					"default": "NULL",
					"comment": "",
					"nullable": true,
					"unique": false,
					"validated": false,
					"auto_generated": false,
					"arr_type": null,
					"udt_name": "",
					"domain_name": null,
					"full_db_type": "DATE"
				},
				{
					"name": "time_two",
					"type": "null.Time",
					"db_type": "TIMESTAMP",
					"default": "null",
					"comment": "",
					"nullable": true,
					"unique": false,
					"validated": false,
					"auto_generated": false,
					"arr_type": null,
					"udt_name": "",
					"domain_name": null,
					"full_db_type": "TIMESTAMP"
				},
				{
					"name": "time_three",
					"type": "null.Time",
					"db_type": "TIMESTAMP",
					"default": "NULL",
					"comment": "",
					"nullable": true,
					"unique": false,
					"validated": false,
					"auto_generated": false,
					"arr_type": null,
					"udt_name": "",
					"domain_name": null,
					"full_db_type": "TIMESTAMP"
				},
				{
					"name": "time_five",
					"type": "null.Time",
					"db_type": "TIMESTAMP",
					"default": "current_timestamp",
					"comment": "",
					"nullable": true,
					"unique": false,
					"validated": false,
					"auto_generated": false,
					"arr_type": null,
					"udt_name": "",
					"domain_name": null,
					"full_db_type": "TIMESTAMP"
				},
				{
					"name": "time_nine",
					"type": "time.Time",
					"db_type": "TIMESTAMP",
					"default": "current_timestamp",
					"comment": "",
					"nullable": false,
					"unique": false,
					"validated": false,
					"auto_generated": false,
					"arr_type": null,
					"udt_name": "",
					"domain_name": null,
					"full_db_type": "TIMESTAMP"
				},
				{
					"name": "time_eleven",
					"type": "null.Time",
					"db_type": "DATE",
					"default": "NULL",
					"comment": "",
					"nullable": true,
					"unique": false,
					"validated": false,
					"auto_generated": false,
					"arr_type": null,
					"udt_name": "",
					"domain_name": null,
					"full_db_type": "DATE"
				},
				{
					"name": "time_twelve",
					"type": "time.Time",
					"db_type": "DATE",
					"default": "",
					"comment": "",
					"nullable": false,
					"unique": false,
					"validated": false,
					"auto_generated": false,
					"arr_type": null,
					"udt_name": "",
					"domain_name": null,
					"full_db_type": "DATE"
				},
				{
					"name": "time_fifteen",
					"type": "null.Time",
					"db_type": "DATE",
					"default": "'19990108'",
					"comment": "",
					"nullable": true,
					"unique": false,
					"validated": false,
					"auto_generated": false,
					"arr_type": null,
					"udt_name": "",
					"domain_name": null,
					"full_db_type": "DATE"
				},
				{
					"name": "time_sixteen",
					"type": "time.Time",
					"db_type": "DATE",
					"default": "'1999-01-08'",
					"comment": "",
					"nullable": false,
					"unique": false,
					"validated": false,
					"auto_generated": false,
					"arr_type": null,
					"udt_name": "",
					"domain_name": null,
					"full_db_type": "DATE"
				},
				{
					"name": "json_null",
					"type": "null.JSON",
					"db_type": "JSON",
					"default": "NULL",
					"comment": "",
					"nullable": true,
					"unique": false,
					"validated": false,
					"auto_generated": false,
					"arr_type": null,
					"udt_name": "",
					"domain_name": null,
					"full_db_type": "JSON"
				},
				{
					"name": "json_nnull",
					"type": "types.JSON",
					"db_type": "JSON",
					"default": "",
					"comment": "",
					"nullable": false,
					"unique": false,
					"validated": false,
					"auto_generated": false,
					"arr_type": null,
					"udt_name": "",
					"domain_name": null,
					"full_db_type": "JSON"
				},
				{
					"name": "tinyint_null",
					"type": "null.Int8",
					"db_type": "TINYINT",
					"default": "NULL",
					"comment": "",
					"nullable": true,
					"unique": false,
					"validated": false,
					"auto_generated": false,
					"arr_type": null,
					"udt_name": "",
					"domain_name": null,
					"full_db_type": "TINYINT"
				},
				{
					"name": "tinyint_nnull",
					"type": "int8",
					"db_type": "TINYINT",
					"default": "",
					"comment": "",
					"nullable": false,
					"unique": false,
					"validated": false,
					"auto_generated": false,
					"arr_type": null,
					"udt_name": "",
					"domain_name": null,
					"full_db_type": "TINYINT"
				},
				{
					"name": "tinyint1_null",
					"type": "null.Int8",
					"db_type": "TINYINT(1)",
					"default": "NULL",
					"comment": "",
					"nullable": true,
					"unique": false,
					"validated": false,
					"auto_generated": false,
					"arr_type": null,
					"udt_name": "",
					"domain_name": null,
					"full_db_type": "TINYINT(1)"
				},
				{
					"name": "tinyint1_nnull",
					"type": "int8",
					"db_type": "TINYINT(1)",
					"default": "",
					"comment": "",
					"nullable": false,
					"unique": false,
					"validated": false,
					"auto_generated": false,
					"arr_type": null,
					"udt_name": "",
					"domain_name": null,
					"full_db_type": "TINYINT(1)"
				},
				{
					"name": "tinyint2_null",
					"type": "null.Int8",
					"db_type": "TINYINT(2)",
					"default": "NULL",
					"comment": "",
					"nullable": true,
					"unique": false,
					"validated": false,
					"auto_generated": false,
					"arr_type": null,
					"udt_name": "",
					"domain_name": null,
					"full_db_type": "TINYINT(2)"
				},
				{
					"name": "tinyint2_nnull",
					"type": "int8",
					"db_type": "TINYINT(2)",
					"default": "",
					"comment": "",
					"nullable": false,
					"unique": false,
					"validated": false,
					"auto_generated": false,
					"arr_type": null,
					"udt_name": "",
					"domain_name": null,
					"full_db_type": "TINYINT(2)"
				},
				{
					"name": "smallint_null",
					"type": "null.Int16",
					"db_type": "SMALLINT",
					"default": "NULL",
					"comment": "",
					"nullable": true,
					"unique": false,
					"validated": false,
					"auto_generated": false,
					"arr_type": null,
					"udt_name": "",
					"domain_name": null,
					"full_db_type": "SMALLINT"
				},
				{
					"name": "smallint_nnull",
					"type": "int16",
					"db_type": "SMALLINT",
					"default": "",
					"comment": "",
					"nullable": false,
					"unique": false,
					"validated": false,
					"auto_generated": false,
					"arr_type": null,
					"udt_name": "",
					"domain_name": null,
					"full_db_type": "SMALLINT"
				},
				{
					"name": "mediumint_null",
					"type": "null.Int32",
					"db_type": "MEDIUMINT",
					"default": "NULL",
					"comment": "",
					"nullable": true,
					"unique": false,
					"validated": false,
					"auto_generated": false,
					"arr_type": null,
					"udt_name": "",
					"domain_name": null,
					"full_db_type": "MEDIUMINT"
				},
				{
					"name": "mediumint_nnull",
					"type": "int32",
					"db_type": "MEDIUMINT",
					"default": "",
					"comment": "",
					"nullable": false,
					"unique": false,
					"validated": false,
					"auto_generated": false,
					"arr_type": null,
					"udt_name": "",
					"domain_name": null,
					"full_db_type": "MEDIUMINT"
				},
				{
					"name": "bigint_null",
					"type": "null.Int64",
					"db_type": "BIGINT",
					"default": "NULL",
					"comment": "",
					"nullable": true,
					"unique": false,
					"validated": false,
					"auto_generated": false,
					"arr_type": null,
					"udt_name": "",
					"domain_name": null,
					"full_db_type": "BIGINT"
				},
				{
					"name": "bigint_nnull",
					"type": "int64",
					"db_type": "BIGINT",
					"default": "",
					"comment": "",
					"nullable": false,
					"unique": false,
					"validated": false,
					"auto_generated": false,
					"arr_type": null,
					"udt_name": "",
					"domain_name": null,
					"full_db_type": "BIGINT"
				},
				{
					"name": "float_null",
					"type": "null.Float32",
					"db_type": "FLOAT",
					"default": "NULL",
					"comment": "",
					"nullable": true,
					"unique": false,
					"validated": false,
					"auto_generated": false,
					"arr_type": null,
					"udt_name": "",
					"domain_name": null,
					"full_db_type": "FLOAT"
				},
				{
					"name": "float_nnull",
					"type": "float32",
					"db_type": "FLOAT",
					"default": "",
					"comment": "",
					"nullable": false,
					"unique": false,
					"validated": false,
					"auto_generated": false,
					"arr_type": null,
					"udt_name": "",
					"domain_name": null,
					"full_db_type": "FLOAT"
				},
				{
					"name": "double_null",
					"type": "null.Float64",
					"db_type": "DOUBLE",
					"default": "NULL",
					"comment": "",
					"nullable": true,
					"unique": false,
					"validated": false,
					"auto_generated": false,
					"arr_type": null,
					"udt_name": "",
					"domain_name": null,
					"full_db_type": "DOUBLE"
				},
				{
					"name": "double_nnull",
					"type": "float64",
					"db_type": "DOUBLE",
					"default": "",
					"comment": "",
					"nullable": false,
					"unique": false,
					"validated": false,
					"auto_generated": false,
					"arr_type": null,
					"udt_name": "",
					"domain_name": null,
					"full_db_type": "DOUBLE"
				},
				{
					"name": "doubleprec_null",
					"type": "null.Float64",
					"db_type": "DOUBLE PRECISION",
					"default": "NULL",
					"comment": "",
					"nullable": true,
					"unique": false,
					"validated": false,
					"auto_generated": false,
					"arr_type": null,
					"udt_name": "",
					"domain_name": null,
					"full_db_type": "DOUBLE PRECISION"
				},
				{
					"name": "doubleprec_nnull",
					"type": "float64",
					"db_type": "DOUBLE PRECISION",
					"default": "",
					"comment": "",
					"nullable": false,
					"unique": false,
					"validated": false,
					"auto_generated": false,
					"arr_type": null,
					"udt_name": "",
					"domain_name": null,
					"full_db_type": "DOUBLE PRECISION"
				},
				{
					"name": "real_null",
					"type": "null.Float64",
					"db_type": "REAL",
					"default": "NULL",
					"comment": "",
					"nullable": true,
					"unique": false,
					"validated": false,
					"auto_generated": false,
					"arr_type": null,
					"udt_name": "",
					"domain_name": null,
					"full_db_type": "REAL"
				},
				{
					"name": "real_nnull",
					"type": "float64",
					"db_type": "REAL",
					"default": "",
					"comment": "",
					"nullable": false,
					"unique": false,
					"validated": false,
					"auto_generated": false,
					"arr_type": null,
					"udt_name": "",
					"domain_name": null,
					"full_db_type": "REAL"
				},
				{
					"name": "boolean_null",
					"type": "null.Bool",
					"db_type": "BOOLEAN",
					"default": "NULL",
					"comment": "",
					"nullable": true,
					"unique": false,
					"validated": false,
					"auto_generated": false,
					"arr_type": null,
					"udt_name": "",
					"domain_name": null,
					"full_db_type": "BOOLEAN"
				},
				{
					"name": "boolean_nnull",
					"type": "bool",
					"db_type": "BOOLEAN",
					"default": "",
					"comment": "",
					"nullable": false,
					"unique": false,
					"validated": false,
					"auto_generated": false,
					"arr_type": null,
					"udt_name": "",
					"domain_name": null,
					"full_db_type": "BOOLEAN"
				},
				{
					"name": "date_null",
					"type": "null.Time",
					"db_type": "DATE",
					"default": "NULL",
					"comment": "",
					"nullable": true,
					"unique": false,
					"validated": false,
					"auto_generated": false,
					"arr_type": null,
					"udt_name": "",
					"domain_name": null,
					"full_db_type": "DATE"
				},
				{
					"name": "date_nnull",
					"type": "time.Time",
					"db_type": "DATE",
					"default": "",
					"comment": "",
					"nullable": false,
					"unique": false,
					"validated": false,
					"auto_generated": false,
					"arr_type": null,
					"udt_name": "",
					"domain_name": null,
					"full_db_type": "DATE"
				},
				{
					"name": "datetime_null",
					"type": "null.Time",
					"db_type": "DATETIME",
					"default": "NULL",
					"comment": "",
					"nullable": true,
					"unique": false,
					"validated": false,
					"auto_generated": false,
					"arr_type": null,
					"udt_name": "",
					"domain_name": null,
					"full_db_type": "DATETIME"
				},
				{
					"name": "datetime_nnull",
					"type": "time.Time",
					"db_type": "DATETIME",
					"default": "",
					"comment": "",
					"nullable": false,
					"unique": false,
					"validated": false,
					"auto_generated": false,
					"arr_type": null,
					"udt_name": "",
					"domain_name": null,
					"full_db_type": "DATETIME"
				},
				{
					"name": "timestamp_null",
					"type": "null.Time",
					"db_type": "TIMESTAMP",
					"default": "NULL",
					"comment": "",
					"nullable": true,
					"unique": false,
					"validated": false,
					"auto_generated": false,
					"arr_type": null,
					"udt_name": "",
					"domain_name": null,
					"full_db_type": "TIMESTAMP"
				},
				{
					"name": "timestamp_nnull",
					"type": "time.Time",
					"db_type": "TIMESTAMP",
					"default": "current_timestamp",
					"comment": "",
					"nullable": false,
					"unique": false,
					"validated": false,
					"auto_generated": false,
					"arr_type": null,
					"udt_name": "",
					"domain_name": null,
					"full_db_type": "TIMESTAMP"
				},
				{
					"name": "binary_null",
					"type": "null.String",
					"db_type": "BINARY",
					"default": "NULL",
					"comment": "",
					"nullable": true,
					"unique": false,
					"validated": false,
					"auto_generated": false,
					"arr_type": null,
					"udt_name": "",
					"domain_name": null,
					"full_db_type": "BINARY"
				},
				{
					"name": "binary_nnull",
					"type": "string",
					"db_type": "BINARY",
					"default": "",
					"comment": "",
					"nullable": false,
					"unique": false,
					"validated": false,
					"auto_generated": false,
					"arr_type": null,
					"udt_name": "",
					"domain_name": null,
					"full_db_type": "BINARY"
				},
				{
					"name": "varbinary_null",
					"type": "null.String",
					"db_type": "VARBINARY(100)",
					"default": "NULL",
					"comment": "",
					"nullable": true,
					"unique": false,
					"validated": false,
					"auto_generated": false,
					"arr_type": null,
					"udt_name": "",
					"domain_name": null,
					"full_db_type": "VARBINARY(100)"
				},
				{
					"name": "varbinary_nnull",
					"type": "string",
					"db_type": "VARBINARY(100)",
					"default": "",
					"comment": "",
					"nullable": false,
					"unique": false,
					"validated": false,
					"auto_generated": false,
					"arr_type": null,
					"udt_name": "",
					"domain_name": null,
					"full_db_type": "VARBINARY(100)"
				},
				{
					"name": "tinyblob_null",
					"type": "null.String",
					"db_type": "TINYBLOB",
					"default": "NULL",
					"comment": "",
					"nullable": true,
					"unique": false,
					"validated": false,
					"auto_generated": false,
					"arr_type": null,
					"udt_name": "",
					"domain_name": null,
					"full_db_type": "TINYBLOB"
				},
				{
					"name": "tinyblob_nnull",
					"type": "string",
					"db_type": "TINYBLOB",
					"default": "",
					"comment": "",
					"nullable": false,
					"unique": false,
					"validated": false,
					"auto_generated": false,
					"arr_type": null,
					"udt_name": "",
					"domain_name": null,
					"full_db_type": "TINYBLOB"
				},
				{
					"name": "blob_null",
					"type": "null.Bytes",
					"db_type": "BLOB",
					"default": "NULL",
					"comment": "",
					"nullable": true,
					"unique": false,
					"validated": false,
					"auto_generated": false,
					"arr_type": null,
					"udt_name": "",
					"domain_name": null,
					"full_db_type": "BLOB"
				},
				{
					"name": "blob_nnull",
					"type": "[]byte",
					"db_type": "BLOB",
					"default": "",
					"comment": "",
					"nullable": false,
					"unique": false,
					"validated": false,
					"auto_generated": false,
					"arr_type": null,
					"udt_name": "",
					"domain_name": null,
					"full_db_type": "BLOB"
				},
				{
					"name": "mediumblob_null",
					"type": "null.String",
					"db_type": "MEDIUMBLOB",
					"default": "NULL",
					"comment": "",
					"nullable": true,
					"unique": false,
					"validated": false,
					"auto_generated": false,
					"arr_type": null,
					"udt_name": "",
					"domain_name": null,
					"full_db_type": "MEDIUMBLOB"
				},
				{
					"name": "mediumblob_nnull",
					"type": "string",
					"db_type": "MEDIUMBLOB",
					"default": "",
					"comment": "",
					"nullable": false,
					"unique": false,
					"validated": false,
					"auto_generated": false,
					"arr_type": null,
					"udt_name": "",
					"domain_name": null,
					"full_db_type": "MEDIUMBLOB"
				},
				{
					"name": "longblob_null",
					"type": "null.String",
					"db_type": "LONGBLOB",
					"default": "NULL",
					"comment": "",
					"nullable": true,
					"unique": false,
					"validated": false,
					"auto_generated": false,
					"arr_type": null,
					"udt_name": "",
					"domain_name": null,
					"full_db_type": "LONGBLOB"
				},
				{
					"name": "longblob_nnull",
					"type": "string",
					"db_type": "LONGBLOB",
					"default": "",
					"comment": "",
					"nullable": false,
					"unique": false,
					"validated": false,
					"auto_generated": false,
					"arr_type": null,
					"udt_name": "",
					"domain_name": null,
					"full_db_type": "LONGBLOB"
				},
				{
					"name": "varchar_null",
					"type": "null.String",
					"db_type": "VARCHAR(100)",
					"default": "NULL",
					"comment": "",
					"nullable": true,
					"unique": false,
					"validated": false,
					"auto_generated": false,
					"arr_type": null,
					"udt_name": "",
					"domain_name": null,
					"full_db_type": "VARCHAR(100)"
				},
				{
					"name": "varchar_nnull",
					"type": "string",
					"db_type": "VARCHAR(100)",
					"default": "",
					"comment": "",
					"nullable": false,
					"unique": false,
					"validated": false,
					"auto_generated": false,
					"arr_type": null,
					"udt_name": "",
					"domain_name": null,
					"full_db_type": "VARCHAR(100)"
				},
				{
					"name": "char_null",
					"type": "null.String",
					"db_type": "CHAR",
					"default": "NULL",
					"comment": "",
					"nullable": true,
					"unique": false,
					"validated": false,
					"auto_generated": false,
					"arr_type": null,
					"udt_name": "",
					"domain_name": null,
					"full_db_type": "CHAR"
				},
				{
					"name": "char_nnull",
					"type": "string",
					"db_type": "CHAR",
					"default": "",
					"comment": "",
					"nullable": false,
					"unique": false,
					"validated": false,
					"auto_generated": false,
					"arr_type": null,
					"udt_name": "",
					"domain_name": null,
					"full_db_type": "CHAR"
				},
				{
					"name": "text_null",
					"type": "null.String",
					"db_type": "TEXT",
					"default": "NULL",
					"comment": "",
					"nullable": true,
					"unique": false,
					"validated": false,
					"auto_generated": false,
					"arr_type": null,
					"udt_name": "",
					"domain_name": null,
					"full_db_type": "TEXT"
				},
				{
					"name": "text_nnull",
					"type": "string",
					"db_type": "TEXT",
					"default": "",
					"comment": "",
					"nullable": false,
					"unique": false,
					"validated": false,
					"auto_generated": false,
					"arr_type": null,
					"udt_name": "",
					"domain_name": null,
					"full_db_type": "TEXT"
				}
			],
			"p_key": {
				"name": "",
				"columns": [
					"id"
				]
			},
			"f_keys": null,
			"is_join_table": false,
			"to_one_relationships": null,
			"to_many_relationships": null,
			"is_view": false,
			"view_capabilities": {
				"can_insert": false,
				"can_upsert": false
			}
		},
		{
			"name": "users",
			"schema_name": "",
			"columns": [
				{
					"name": "id",
					"type": "int64",
					"db_type": "INT",
					"default": "",
					"comment": "",
					"nullable": false,
					"unique": true,
					"validated": false,
					"auto_generated": false,
					"arr_type": null,
					"udt_name": "",
					"domain_name": null,
					"full_db_type": "INT"
				}
			],
			"p_key": {
				"name": "",
				"columns": [
					"id"
				]
			},
			"f_keys": null,
			"is_join_table": false,
			"to_one_relationships": null,
			"to_many_relationships": [
				{
					"name": "FK_1",
					"table": "users",
					"column": "id",
					"nullable": false,
					"unique": true,
					"foreign_table": "videos",
					"foreign_column": "user_id",
					"foreign_column_nullable": false,
					"foreign_column_unique": false,
					"to_join_table": false,
					"join_table": "",
					"join_local_fkey_name": "",
					"join_local_column": "",
					"join_local_column_nullable": false,
					"join_local_column_unique": false,
					"join_foreign_fkey_name": "",
					"join_foreign_column": "",
					"join_foreign_column_nullable": false,
					"join_foreign_column_unique": false
				}
			],
			"is_view": false,
			"view_capabilities": {
				"can_insert": false,
				"can_upsert": false
			}
		},
		{
			"name": "video_tags",
			"schema_name": "",
			"columns": [
				{
					"name": "video_id",
					"type": "int64",
					"db_type": "INT",
					"default": "",
					"comment": "",
					"nullable": false,
					"unique": false,
					"validated": false,
					"auto_generated": false,
					"arr_type": null,
					"udt_name": "",
					"domain_name": null,
					"full_db_type": "INT"
				},
				{
					"name": "tag_id",
					"type": "int64",
					"db_type": "INT",
					"default": "",
					"comment": "",
					"nullable": false,
					"unique": false,
					"validated": false,
					"auto_generated": false,
					"arr_type": null,
					"udt_name": "",
					"domain_name": null,
					"full_db_type": "INT"
				}
			],
			"p_key": {
				"name": "",
				"columns": [
					"video_id",
					"tag_id"
				]
			},
			"f_keys": [
				{
					"table": "video_tags",
					"name": "FK_0",
					"column": "tag_id",
					"nullable": false,
					"unique": false,
					"foreign_table": "tags",
					"foreign_column": "id",
					"foreign_column_nullable": false,
					"foreign_column_unique": true
				},
				{
					"table": "video_tags",
					"name": "FK_1",
					"column": "video_id",
					"nullable": false,
					"unique": false,
					"foreign_table": "videos",
					"foreign_column": "id",
					"foreign_column_nullable": false,
					"foreign_column_unique": true
				}
			],
			"is_join_table": true,
			"to_one_relationships": null,
			"to_many_relationships": null,
			"is_view": false,
			"view_capabilities": {
				"can_insert": false,
				"can_upsert": false
			}
		},
		{
			"name": "videos",
			"schema_name": "",
			"columns": [
				{
					"name": "id",
					"type": "int64",
					"db_type": "INT",
					"default": "",
					"comment": "",
					"nullable": false,
					"unique": true,
					"validated": false,
					"auto_generated": false,
					"arr_type": null,
					"udt_name": "",
					"domain_name": null,
					"full_db_type": "INT"
				},
				{
					"name": "user_id",
					"type": "int64",
					"db_type": "INT",
					"default": "",
					"comment": "",
					"nullable": false,
					"unique": false,
					"validated": false,
					"auto_generated": false,
					"arr_type": null,
					"udt_name": "",
					"domain_name": null,
					"full_db_type": "INT"
				},
				{
					"name": "sponsor_id",
					"type": "null.Int64",
					"db_type": "INT",
					"default": "NULL",
					"comment": "",
					"nullable": true,
					"unique": true,
					"validated": false,
					"auto_generated": false,
					"arr_type": null,
					"udt_name": "",
					"domain_name": null,
					"full_db_type": "INT"
				}
			],
			"p_key": {
				"name": "",
				"columns": [
					"id"
				]
			},
			"f_keys": [
				{
					"table": "videos",
					"name": "FK_0",
					"column": "sponsor_id",
					"nullable": true,
					"unique": true,
					"foreign_table": "sponsors",
					"foreign_column": "id",
					"foreign_column_nullable": false,
					"foreign_column_unique": true
				},
				{
					"table": "videos",
					"name": "FK_1",
					"column": "user_id",
					"nullable": false,
					"unique": false,
					"foreign_table": "users",
					"foreign_column": "id",
					"foreign_column_nullable": false,
					"foreign_column_unique": true
				}
			],
			"is_join_table": false,
			"to_one_relationships": null,
			"to_many_relationships": [
				{
					"name": "",
					"table": "videos",
					"column": "id",
					"nullable": false,
					"unique": true,
					"foreign_table": "tags",
					"foreign_column": "id",
					"foreign_column_nullable": false,
					"foreign_column_unique": true,
					"to_join_table": true,
					"join_table": "video_tags",
					"join_local_fkey_name": "FK_1",
					"join_local_column": "video_id",
					"join_local_column_nullable": false,
					"join_local_column_unique": false,
					"join_foreign_fkey_name": "FK_0",
					"join_foreign_column": "tag_id",
					"join_foreign_column_nullable": false,
					"join_foreign_column_unique": false
				}
			],
			"is_view": false,
			"view_capabilities": {
				"can_insert": false,
				"can_upsert": false
			}
		},
		{
			"name": "user_videos",
			"schema_name": "",
			"columns": [
				{
					"name": "user_id",
					"type": "null.Int64",
					"db_type": "INT",
					"default": "NULL",
					"comment": "",
					"nullable": true,
					"unique": false,
					"validated": false,
					"auto_generated": false,
					"arr_type": null,
					"udt_name": "",
					"domain_name": null,
					"full_db_type": "INT"
				},
				{
					"name": "video_id",
					"type": "null.Int64",
					"db_type": "INT",
					"default": "NULL",
					"comment": "",
					"nullable": true,
					"unique": false,
					"validated": false,
					"auto_generated": false,
					"arr_type": null,
					"udt_name": "",
					"domain_name": null,
					"full_db_type": "INT"
				},
				{
					"name": "sponsor_id",
					"type": "null.Int64",
					"db_type": "INT",
					"default": "NULL",
					"comment": "",
					"nullable": true,
					"unique": false,
					"validated": false,
					"auto_generated": false,
					"arr_type": null,
					"udt_name": "",
					"domain_name": null,
					"full_db_type": "INT"
				}
			],
			"p_key": null,
			"f_keys": null,
			"is_join_table": false,
			"to_one_relationships": null,
			"to_many_relationships": null,
			"is_view": true,
			"view_capabilities": {
				"can_insert": false,
				"can_upsert": false
			}
		}
	],
	"dialect": {
		"lq": 34,
		"rq": 34,
		"use_index_placeholders": false,
		"use_last_insert_id": false,
		"use_schema": false,
		"use_default_keyword": true,
		"use_top_clause": false,
		"use_output_clause": false,
		"use_case_when_exists_clause": false,
		"use_auto_columns": false
	}
}
