{
	"schema": "dbo",
	"tables": [
		{
			"name": "node",
			"schema_name": "",
			"columns": [
				{
					"name": "id",
					"type": "int",
					"db_type": "int",
					"default": "",
					"comment": "",
					"nullable": false,
					"unique": true,
					"validated": false,
					"auto_generated": false,
					"arr_type": null,
					"udt_name": "",
					"domain_name": null,
					"full_db_type": "int"
				},
				{
					"name": "parent_id",
					"type": "null.Int",
					"db_type": "int",
					"default": "",
					"comment": "",
					"nullable": true,
					"unique": false,
					"validated": false,
					"auto_generated": false,
					"arr_type": null,
					"udt_name": "",
					"domain_name": null,
					"full_db_type": "int"
				},
				{
					"name": "root_id",
					"type": "int",
					"db_type": "int",
					"default": "",
					"comment": "",
					"nullable": false,
					"unique": false,
					"validated": false,
					"auto_generated": false,
					"arr_type": null,
					"udt_name": "",
					"domain_name": null,
					"full_db_type": "int"
				}
			],
			"p_key": {
				"name": "PK__node",
				"columns": [
					"id"
				]
			},
			"f_keys": [
				{
					"table": "node",
					"name": "FK_node_parent",
					"column": "parent_id",
					"nullable": true,
					"unique": false,
					"foreign_table": "node",
					"foreign_column": "id",
					"foreign_column_nullable": false,
					"foreign_column_unique": true
				},
				{
					"table": "node",
					"name": "FK_node_root",
					"column": "root_id",
					"nullable": false,
					"unique": false,
					"foreign_table": "node",
					"foreign_column": "id",
					"foreign_column_nullable": false,
					"foreign_column_unique": true
				}
			],
			"is_join_table": false,
			"to_one_relationships": null,
			"to_many_relationships": [
				{
					"name": "FK_node_parent",
					"table": "node",
					"column": "id",
					"nullable": false,
					"unique": true,
					"foreign_table": "node",
					"foreign_column": "parent_id",
					"foreign_column_nullable": true,
					"foreign_column_unique": false,
					"to_join_table": false,
					"join_table": "",
					"join_local_fkey_name": "",
					"join_local_column": "",
					"join_local_column_nullable": false,
					"join_local_column_unique": false,
					"join_foreign_fkey_name": "",
					"join_foreign_column": "",
					"join_foreign_column_nullable": false,
					"join_foreign_column_unique": false
				},
				{
					"name": "FK_node_root",
					"table": "node",
					"column": "id",
					"nullable": false,
					"unique": true,
					"foreign_table": "node",
					"foreign_column": "root_id",
					"foreign_column_nullable": false,
					"foreign_column_unique": false,
					"to_join_table": false,
					"join_table": "",
					"join_local_fkey_name": "",
					"join_local_column": "",
					"join_local_column_nullable": false,
					"join_local_column_unique": false,
					"join_foreign_fkey_name": "",
					"join_foreign_column": "",
					"join_foreign_column_nullable": false,
					"join_foreign_column_unique": false
				}
			],
			"is_view": false,
			"view_capabilities": {
				"can_insert": false,
				"can_upsert": false
			}
		},
		{
			"name": "sponsors",
			"schema_name": "",
			"columns": [
				{
					"name": "id",
					"type": "int",
					"db_type": "int",
					"default": "AUTO_GENERATED",
					"comment": "",
					"nullable": false,
					"unique": true,
					"validated": false,
					"auto_generated": true,
					"arr_type": null,
					"udt_name": "",
					"domain_name": null,
					"full_db_type": "int"
				}
			],
			"p_key": {
				"name": "PK__sponsors",
				"columns": [
					"id"
				]
			},
			"f_keys": null,
			"is_join_table": false,
			"to_one_relationships": [
				{
					"name": "FK_videos_sponsors",
					"table": "sponsors",
					"column": "id",
					"nullable": false,
					"unique": true,
					"foreign_table": "videos",
					"foreign_column": "sponsor_id",
					"foreign_column_nullable": true,
					"foreign_column_unique": true
				}
			],
			"to_many_relationships": null,
			"is_view": false,
			"view_capabilities": {
				"can_insert": false,
				"can_upsert": false
			}
		},
		{
			"name": "tags",
			"schema_name": "",
			"columns": [
				{
					"name": "id",
					"type": "int",
					"db_type": "int",
					"default": "AUTO_GENERATED",
					"comment": "",
					"nullable": false,
					"unique": true,
					"validated": false,
					"auto_generated": true,
					"arr_type": null,
					"udt_name": "",
					"domain_name": null,
					"full_db_type": "int"
				}
			],
			"p_key": {
				"name": "PK__tags",
				"columns": [
					"id"
				]
			},
			"f_keys": null,
			"is_join_table": false,
			"to_one_relationships": null,
			"to_many_relationships": [
				{
					"name": "",
					"table": "tags",
					"column": "id",
					"nullable": false,
					"unique": true,
					"foreign_table": "videos",
					"foreign_column": "id",
					"foreign_column_nullable": false,
					"foreign_column_unique": true,
					"to_join_table": true,
					"join_table": "video_tags",
					"join_local_fkey_name": "FK_video_tags_tags",
					"join_local_column": "tag_id",
					"join_local_column_nullable": false,
					"join_local_column_unique": false,
					"join_foreign_fkey_name": "FK_video_tags_videos",
					"join_foreign_column": "video_id",
					"join_foreign_column_nullable": false,
					"join_foreign_column_unique": false
				}
			],
			"is_view": false,
			"view_capabilities": {
				"can_insert": false,
				"can_upsert": false
			}
		},
		{
			"name": "type_monsters",
			"schema_name": "",
			"columns": [
				{
					"name": "id",
					"type": "int",
					"db_type": "int",
					"default": "AUTO_GENERATED",
					"comment": "",
					"nullable": false,
					"unique": true,
					"validated": false,
					"auto_generated": true,
					"arr_type": null,
					"udt_name": "",
					"domain_name": null,
					"full_db_type": "int"
				},
				{
					"name": "id_two",
					"type": "int",
					"db_type": "int",
					"default": "",
					"comment": "",
					"nullable": false,
					"unique": false,
					"validated": false,
					"auto_generated": false,
					"arr_type": null,
					"udt_name": "",
					"domain_name": null,
					"full_db_type": "int"
				},
				{
					"name": "id_three",
					"type": "null.Int",
					"db_type": "int",
					"default": "",
					"comment": "",
					"nullable": true,
					"unique": false,
					"validated": false,
					"auto_generated": false,
					"arr_type": null,
					"udt_name": "",
					"domain_name": null,
					"full_db_type": "int"
				},
				{
					"name": "bit_zero",
					"type": "null.Bool",
					"db_type": "bit",
					"default": "",
					"comment": "",
					"nullable": true,
					"unique": false,
					"validated": false,
					"auto_generated": false,
					"arr_type": null,
					"udt_name": "",
					"domain_name": null,
					"full_db_type": "bit"
				},
				{
					"name": "bit_one",
					"type": "null.Bool",
					"db_type": "bit",
					"default": "",
					"comment": "",
					"nullable": true,
					"unique": false,
					"validated": false,
					"auto_generated": false,
					"arr_type": null,
					"udt_name": "",
					"domain_name": null,
					"full_db_type": "bit"
				},
				{
					"name": "bit_two",
					"type": "bool",
					"db_type": "bit",
					"default": "",
					"comment": "",
					"nullable": false,
					"unique": false,
					"validated": false,
					"auto_generated": false,
					"arr_type": null,
					"udt_name": "",
					"domain_name": null,
					"full_db_type": "bit"
				},
				{
					"name": "bit_three",
					"type": "null.Bool",
					"db_type": "bit",
					"default": "((0))",
					"comment": "",
					"nullable": true,
					"unique": false,
					"validated": false,
					"auto_generated": false,
					"arr_type": null,
					"udt_name": "",
					"domain_name": null,
					"full_db_type": "bit"
				},
				{
					"name": "bit_four",
					"type": "null.Bool",
					"db_type": "bit",
					"default": "((1))",
					"comment": "",
					"nullable": true,
					"unique": false,
					"validated": false,
					"auto_generated": false,
					"arr_type": null,
					"udt_name": "",
					"domain_name": null,
					"full_db_type": "bit"
				},
				{
					"name": "bit_five",
					"type": "bool",
					"db_type": "bit",
					"default": "((0))",
					"comment": "",
					"nullable": false,
					"unique": false,
					"validated": false,
					"auto_generated": false,
					"arr_type": null,
					"udt_name": "",
					"domain_name": null,
					"full_db_type": "bit"
				},
				{
					"name": "bit_six",
					"type": "bool",
					"db_type": "bit",
					"default": "((1))",
					"comment": "",
					"nullable": false,
					"unique": false,
					"validated": false,
					"auto_generated": false,
					"arr_type": null,
					"udt_name": "",
					"domain_name": null,
					"full_db_type": "bit"
				},
				{
					"name": "string_zero",
					"type": "null.String",
					"db_type": "varchar",
					"default": "",
					"comment": "",
					"nullable": true,
					"unique": false,
					"validated": false,
					"auto_generated": false,
					"arr_type": null,
					"udt_name": "",
					"domain_name": null,
					"full_db_type": "varchar(1)"
				},
				{
					"name": "string_one",
					"type": "null.String",
					"db_type": "varchar",
					"default": "",
					"comment": "",
					"nullable": true,
					"unique": false,
					"validated": false,
					"auto_generated": false,
					"arr_type": null,
					"udt_name": "",
					"domain_name": null,
					"full_db_type": "varchar(1)"
				},
				{
					"name": "string_two",
					"type": "string",
					"db_type": "varchar",
					"default": "",
					"comment": "",
					"nullable": false,
					"unique": false,
					"validated": false,
					"auto_generated": false,
					"arr_type": null,
					"udt_name": "",
					"domain_name": null,
					"full_db_type": "varchar(1)"
				},
				{
					"name": "string_three",
					"type": "null.String",
					"db_type": "varchar",
					"default": "('a')",
					"comment": "",
					"nullable": true,
					"unique": false,
					"validated": false,
					"auto_generated": false,
					"arr_type": null,
					"udt_name": "",
					"domain_name": null,
					"full_db_type": "varchar(1)"
				},
				{
					"name": "string_four",
					"type": "string",
					"db_type": "varchar",
					"default": "('b')",
					"comment": "",
					"nullable": false,
					"unique": false,
					"validated": false,
					"auto_generated": false,
					"arr_type": null,
					"udt_name": "",
					"domain_name": null,
					"full_db_type": "varchar(1)"
				},
				{
					"name": "string_five",
					"type": "null.String",
					"db_type": "varchar",
					"default": "",
					"comment": "",
					"nullable": true,
					"unique": false,
					"validated": false,
					"auto_generated": false,
					"arr_type": null,
					"udt_name": "",
					"domain_name": null,
					"full_db_type": "varchar(1000)"
				},
				{
					"name": "string_six",
					"type": "null.String",
					"db_type": "varchar",
					"default": "",
					"comment": "",
					"nullable": true,
					"unique": false,
					"validated": false,
					"auto_generated": false,
					"arr_type": null,
					"udt_name": "",
					"domain_name": null,
					"full_db_type": "varchar(1000)"
				},
				{
					"name": "string_seven",
					"type": "string",
					"db_type": "varchar",
					"default": "",
					"comment": "",
					"nullable": false,
					"unique": false,
					"validated": false,
					"auto_generated": false,
					"arr_type": null,
					"udt_name": "",
					"domain_name": null,
					"full_db_type": "varchar(1000)"
				},
				{
					"name": "string_eight",
					"type": "null.String",
					"db_type": "varchar",
					"default": "('abcdefgh')",
					"comment": "",
					"nullable": true,
					"unique": false,
					"validated": false,
					"auto_generated": false,
					"arr_type": null,
					"udt_name": "",
					"domain_name": null,
					"full_db_type": "varchar(1000)"
				},
				{
					"name": "string_nine",
					"type": "string",
					"db_type": "varchar",
					"default": "('abcdefgh')",
					"comment": "",
					"nullable": false,
					"unique": false,
					"validated": false,
					"auto_generated": false,
					"arr_type": null,
					"udt_name": "",
					"domain_name": null,
					"full_db_type": "varchar(1000)"
				},
				{
					"name": "string_ten",
					"type": "null.String",
					"db_type": "varchar",
					"default": "('')",
					"comment": "",
					"nullable": true,
					"unique": false,
					"validated": false,
					"auto_generated": false,
					"arr_type": null,
					"udt_name": "",
					"domain_name": null,
					"full_db_type": "varchar(1000)"
				},
				{
					"name": "string_eleven",
					"type": "string",
					"db_type": "varchar",
					"default": "('')",
					"comment": "",
					"nullable": false,
					"unique": false,
					"validated": false,
					"auto_generated": false,
					"arr_type": null,
					"udt_name": "",
					"domain_name": null,
					"full_db_type": "varchar(1000)"
				},
				{
					"name": "big_int_zero",
					"type": "null.Int64",
					"db_type": "bigint",
					"default": "",
					"comment": "",
					"nullable": true,
					"unique": false,
					"validated": false,
					"auto_generated": false,
					"arr_type": null,
					"udt_name": "",
					"domain_name": null,
					"full_db_type": "bigint"
				},
				{
					"name": "big_int_one",
					"type": "null.Int64",
					"db_type": "bigint",
					"default": "",
					"comment": "",
					"nullable": true,
					"unique": false,
					"validated": false,
					"auto_generated": false,
					"arr_type": null,
					"udt_name": "",
					"domain_name": null,
					"full_db_type": "bigint"
				},
				{
					"name": "big_int_two",
					"type": "int64",
					"db_type": "bigint",
					"default": "",
					"comment": "",
					"nullable": false,
					"unique": false,
					"validated": false,
					"auto_generated": false,
					"arr_type": null,
					"udt_name": "",
					"domain_name": null,
					"full_db_type": "bigint"
				},
				{
					"name": "big_int_three",
					"type": "null.Int64",
					"db_type": "bigint",
					"default": "((111111))",
					"comment": "",
					"nullable": true,
					"unique": false,
					"validated": false,
					"auto_generated": false,
					"arr_type": null,
					"udt_name": "",
					"domain_name": null,
					"full_db_type": "bigint"
				},
				{
					"name": "big_int_four",
					"type": "int64",
					"db_type": "bigint",
					"default": "((222222))",
					"comment": "",
					"nullable": false,
					"unique": false,
					"validated": false,
					"auto_generated": false,
					"arr_type": null,
					"udt_name": "",
					"domain_name": null,
					"full_db_type": "bigint"
				},
				{
					"name": "big_int_five",
					"type": "null.Int64",
					"db_type": "bigint",
					"default": "((0))",
					"comment": "",
					"nullable": true,
					"unique": false,
					"validated": false,
					"auto_generated": false,
					"arr_type": null,
					"udt_name": "",
					"domain_name": null,
					"full_db_type": "bigint"
				},
				{
					"name": "big_int_six",
					"type": "int64",
					"db_type": "bigint",
					"default": "((0))",
					"comment": "",
					"nullable": false,
					"unique": false,
					"validated": false,
					"auto_generated": false,
					"arr_type": null,
					"udt_name": "",
					"domain_name": null,
					"full_db_type": "bigint"
				},
				{
					"name": "int_zero",
					"type": "null.Int",
					"db_type": "int",
					"default": "",
					"comment": "",
					"nullable": true,
					"unique": false,
					"validated": false,
					"auto_generated": false,
					"arr_type": null,
					"udt_name": "",
					"domain_name": null,
					"full_db_type": "int"
				},
				{
					"name": "int_one",
					"type": "null.Int",
					"db_type": "int",
					"default": "",
					"comment": "",
					"nullable": true,
					"unique": false,
					"validated": false,
					"auto_generated": false,
					"arr_type": null,
					"udt_name": "",
					"domain_name": null,
					"full_db_type": "int"
				},
				{
					"name": "int_two",
					"type": "int",
					"db_type": "int",
					"default": "",
					"comment": "",
					"nullable": false,
					"unique": false,
					"validated": false,
					"auto_generated": false,
					"arr_type": null,
					"udt_name": "",
					"domain_name": null,
					"full_db_type": "int"
				},
				{
					"name": "int_three",
					"type": "null.Int",
					"db_type": "int",
					"default": "((333333))",
					"comment": "",
					"nullable": true,
					"unique": false,
					"validated": false,
					"auto_generated": false,
					"arr_type": null,
					"udt_name": "",
					"domain_name": null,
					"full_db_type": "int"
				},
				{
					"name": "int_four",
					"type": "int",
					"db_type": "int",
					"default": "((444444))",
					"comment": "",
					"nullable": false,
					"unique": false,
					"validated": false,
					"auto_generated": false,
					"arr_type": null,
					"udt_name": "",
					"domain_name": null,
					"full_db_type": "int"
				},
				{
					"name": "int_five",
					"type": "null.Int",
					"db_type": "int",
					"default": "((0))",
					"comment": "",
					"nullable": true,
					"unique": false,
					"validated": false,
					"auto_generated": false,
					"arr_type": null,
					"udt_name": "",
					"domain_name": null,
					"full_db_type": "int"
				},
				{
					"name": "int_six",
					"type": "int",
					"db_type": "int",
					"default": "((0))",
					"comment": "",
					"nullable": false,
					"unique": false,
					"validated": false,
					"auto_generated": false,
					"arr_type": null,
					"udt_name": "",
					"domain_name": null,
					"full_db_type": "int"
				},
				{
					"name": "float_zero",
					"type": "null.Float64",
					"db_type": "float",
					"default": "",
					"comment": "",
					"nullable": true,
					"unique": false,
					"validated": false,
					"auto_generated": false,
					"arr_type": null,
					"udt_name": "",
					"domain_name": null,
					"full_db_type": "float"
				},
				{
					"name": "float_one",
					"type": "null.Float64",
					"db_type": "float",
					"default": "",
					"comment": "",
					"nullable": true,
					"unique": false,
					"validated": false,
					"auto_generated": false,
					"arr_type": null,
					"udt_name": "",
					"domain_name": null,
					"full_db_type": "float"
				},
				{
					"name": "float_two",
					"type": "null.Float32",
					"db_type": "real",
					"default": "",
					"comment": "",
					"nullable": true,
					"unique": false,
					"validated": false,
					"auto_generated": false,
					"arr_type": null,
					"udt_name": "",
					"domain_name": null,
					"full_db_type": "real"
				},
				{
					"name": "float_three",
					"type": "null.Float32",
					"db_type": "real",
					"default": "",
					"comment": "",
					"nullable": true,
					"unique": false,
					"validated": false,
					"auto_generated": false,
					"arr_type": null,
					"udt_name": "",
					"domain_name": null,
					"full_db_type": "real"
				},
				{
					"name": "float_four",
					"type": "null.Float32",
					"db_type": "real",
					"default": "",
					"comment": "",
					"nullable": true,
					"unique": false,
					"validated": false,
					"auto_generated": false,
					"arr_type": null,
					"udt_name": "",
					"domain_name": null,
					"full_db_type": "real"
				},
				{
					"name": "float_five",
					"type": "float32",
					"db_type": "real",
					"default": "",
					"comment": "",
					"nullable": false,
					"unique": false,
					"validated": false,
					"auto_generated": false,
					"arr_type": null,
					"udt_name": "",
					"domain_name": null,
					"full_db_type": "real"
				},
				{
					"name": "float_six",
					"type": "null.Float32",
					"db_type": "real",
					"default": "((1.1))",
					"comment": "",
					"nullable": true,
					"unique": false,
					"validated": false,
					"auto_generated": false,
					"arr_type": null,
					"udt_name": "",
					"domain_name": null,
					"full_db_type": "real"
				},
				{
					"name": "float_seven",
					"type": "float32",
					"db_type": "real",
					"default": "((1.1))",
					"comment": "",
					"nullable": false,
					"unique": false,
					"validated": false,
					"auto_generated": false,
					"arr_type": null,
					"udt_name": "",
					"domain_name": null,
					"full_db_type": "real"
				},
				{
					"name": "float_eight",
					"type": "null.Float32",
					"db_type": "real",
					"default": "((0.0))",
					"comment": "",
					"nullable": true,
					"unique": false,
					"validated": false,
					"auto_generated": false,
					"arr_type": null,
					"udt_name": "",
					"domain_name": null,
					"full_db_type": "real"
				},
				{
					"name": "float_nine",
					"type": "null.Float32",
					"db_type": "real",
					"default": "((0.0))",
					"comment": "",
					"nullable": true,
					"unique": false,
					"validated": false,
					"auto_generated": false,
					"arr_type": null,
					"udt_name": "",
					"domain_name": null,
					"full_db_type": "real"
				},
				{
					"name": "bytea_zero",
					"type": "[]byte",
					"db_type": "binary",
					"default": "",
					"comment": "",
					"nullable": false,
					"unique": false,
					"validated": false,
					"auto_generated": false,
					"arr_type": null,
					"udt_name": "",
					"domain_name": null,
					"full_db_type": "binary(1)"
				},
				{
					"name": "bytea_one",
					"type": "[]byte",
					"db_type": "binary",
					"default": "",
					"comment": "",
					"nullable": false,
					"unique": false,
					"validated": false,
					"auto_generated": false,
					"arr_type": null,
					"udt_name": "",
					"domain_name": null,
					"full_db_type": "binary(1)"
				},
				{
					"name": "bytea_two",
					"type": "[]byte",
					"db_type": "binary",
					"default": "",
					"comment": "",
					"nullable": false,
					"unique": false,
					"validated": false,
					"auto_generated": false,
					"arr_type": null,
					"udt_name": "",
					"domain_name": null,
					"full_db_type": "binary(1)"
				},
				{
					"name": "bytea_three",
					"type": "[]byte",
					"db_type": "binary",
					"default": "(CONVERT([varbinary](max),'a'))",
					"comment": "",
					"nullable": false,
					"unique": false,
					"validated": false,
					"auto_generated": false,
					"arr_type": null,
					"udt_name": "",
					"domain_name": null,
					"full_db_type": "binary(1)"
				},
				{
					"name": "bytea_four",
					"type": "[]byte",
					"db_type": "binary",
					"default": "(CONVERT([varbinary](max),'b'))",
					"comment": "",
					"nullable": false,
					"unique": false,
					"validated": false,
					"auto_generated": false,
					"arr_type": null,
					"udt_name": "",
					"domain_name": null,
					"full_db_type": "binary(1)"
				},
				{
					"name": "bytea_five",
					"type": "[]byte",
					"db_type": "binary",
					"default": "(CONVERT([varbinary](max),'abcdefghabcdefghabcdefgh'))",
					"comment": "",
					"nullable": false,
					"unique": false,
					"validated": false,
					"auto_generated": false,
					"arr_type": null,
					"udt_name": "",
					"domain_name": null,
					"full_db_type": "binary(100)"
				},
				{
					"name": "bytea_six",
					"type": "[]byte",
					"db_type": "binary",
					"default": "(CONVERT([varbinary](max),'hgfedcbahgfedcbahgfedcba'))",
					"comment": "",
					"nullable": false,
					"unique": false,
					"validated": false,
					"auto_generated": false,
					"arr_type": null,
					"udt_name": "",
					"domain_name": null,
					"full_db_type": "binary(100)"
				},
				{
					"name": "bytea_seven",
					"type": "[]byte",
					"db_type": "binary",
					"default": "(CONVERT([varbinary](max),''))",
					"comment": "",
					"nullable": false,
					"unique": false,
					"validated": false,
					"auto_generated": false,
					"arr_type": null,
					"udt_name": "",
					"domain_name": null,
					"full_db_type": "binary(1)"
				},
				{
					"name": "bytea_eight",
					"type": "[]byte",
					"db_type": "binary",
					"default": "(CONVERT([varbinary](max),''))",
					"comment": "",
					"nullable": false,
					"unique": false,
					"validated": false,
					"auto_generated": false,
					"arr_type": null,
					"udt_name": "",
					"domain_name": null,
					"full_db_type": "binary(1)"
				},
				{
					"name": "time_zero",
					"type": "[]byte",
					"db_type": "timestamp",
					"default": "AUTO_GENERATED",
					"comment": "",
					"nullable": false,
					"unique": false,
					"validated": false,
					"auto_generated": true,
					"arr_type": null,
					"udt_name": "",
					"domain_name": null,
					"full_db_type": "timestamp"
				},
				{
					"name": "time_one",
					"type": "null.Time",
					"db_type": "date",
					"default": "",
					"comment": "",
					"nullable": true,
					"unique": false,
					"validated": false,
					"auto_generated": false,
					"arr_type": null,
					"udt_name": "",
					"domain_name": null,
					"full_db_type": "date"
				},
				{
					"name": "time_eleven",
					"type": "null.Time",
					"db_type": "date",
					"default": "",
					"comment": "",
					"nullable": true,
					"unique": false,
					"validated": false,
					"auto_generated": false,
					"arr_type": null,
					"udt_name": "",
					"domain_name": null,
					"full_db_type": "date"
				},
				{
					"name": "time_twelve",
					"type": "time.Time",
					"db_type": "date",
					"default": "",
					"comment": "",
					"nullable": false,
					"unique": false,
					"validated": false,
					"auto_generated": false,
					"arr_type": null,
					"udt_name": "",
					"domain_name": null,
					"full_db_type": "date"
				},
				{
					"name": "time_fifteen",
					"type": "null.Time",
					"db_type": "date",
					"default": "('19990108')",
					"comment": "",
					"nullable": true,
					"unique": false,
					"validated": false,
					"auto_generated": false,
					"arr_type": null,
					"udt_name": "",
					"domain_name": null,
					"full_db_type": "date"
				},
				{
					"name": "time_sixteen",
					"type": "time.Time",
					"db_type": "date",
					"default": "('1999-01-08')",
					"comment": "",
					"nullable": false,
					"unique": false,
					"validated": false,
					"auto_generated": false,
					"arr_type": null,
					"udt_name": "",
					"domain_name": null,
					"full_db_type": "date"
				},
				{
					"name": "bit_null",
					"type": "null.Bool",
					"db_type": "bit",
					"default": "",
					"comment": "",
					"nullable": true,
					"unique": false,
					"validated": false,
					"auto_generated": false,
					"arr_type": null,
					"udt_name": "",
					"domain_name": null,
					"full_db_type": "bit"
				},
				{
					"name": "bit_nnull",
					"type": "bool",
					"db_type": "bit",
					"default": "",
					"comment": "",
					"nullable": false,
					"unique": false,
					"validated": false,
					"auto_generated": false,
					"arr_type": null,
					"udt_name": "",
					"domain_name": null,
					"full_db_type": "bit"
				},
				{
					"name": "tinyint_null",
					"type": "null.Int8",
					"db_type": "tinyint",
					"default": "",
					"comment": "",
					"nullable": true,
					"unique": false,
					"validated": false,
					"auto_generated": false,
					"arr_type": null,
					"udt_name": "",
					"domain_name": null,
					"full_db_type": "tinyint"
				},
				{
					"name": "tinyint_nnull",
					"type": "int8",
					"db_type": "tinyint",
					"default": "",
					"comment": "",
					"nullable": false,
					"unique": false,
					"validated": false,
					"auto_generated": false,
					"arr_type": null,
					"udt_name": "",
					"domain_name": null,
					"full_db_type": "tinyint"
				},
				{
					"name": "smallint_null",
					"type": "null.Int16",
					"db_type": "smallint",
					"default": "",
					"comment": "",
					"nullable": true,
					"unique": false,
					"validated": false,
					"auto_generated": false,
					"arr_type": null,
					"udt_name": "",
					"domain_name": null,
					"full_db_type": "smallint"
				},
				{
					"name": "smallint_nnull",
					"type": "int16",
					"db_type": "smallint",
					"default": "",
					"comment": "",
					"nullable": false,
					"unique": false,
					"validated": false,
					"auto_generated": false,
					"arr_type": null,
					"udt_name": "",
					"domain_name": null,
					"full_db_type": "smallint"
				},
				{
					"name": "int_null",
					"type": "null.Int",
					"db_type": "int",
					"default": "",
					"comment": "",
					"nullable": true,
					"unique": false,
					"validated": false,
					"auto_generated": false,
					"arr_type": null,
					"udt_name": "",
					"domain_name": null,
					"full_db_type": "int"
				},
				{
					"name": "int_nnull",
					"type": "int",
					"db_type": "int",
					"default": "",
					"comment": "",
					"nullable": false,
					"unique": false,
					"validated": false,
					"auto_generated": false,
					"arr_type": null,
					"udt_name": "",
					"domain_name": null,
					"full_db_type": "int"
				},
				{
					"name": "bigint_null",
					"type": "null.Int64",
					"db_type": "bigint",
					"default": "",
					"comment": "",
					"nullable": true,
					"unique": false,
					"validated": false,
					"auto_generated": false,
					"arr_type": null,
					"udt_name": "",
					"domain_name": null,
					"full_db_type": "bigint"
				},
				{
					"name": "bigint_nnull",
					"type": "int64",
					"db_type": "bigint",
					"default": "",
					"comment": "",
					"nullable": false,
					"unique": false,
					"validated": false,
					"auto_generated": false,
					"arr_type": null,
					"udt_name": "",
					"domain_name": null,
					"full_db_type": "bigint"
				},
				{
					"name": "float_null",
					"type": "null.Float64",
					"db_type": "float",
					"default": "",
					"comment": "",
					"nullable": true,
					"unique": false,
					"validated": false,
					"auto_generated": false,
					"arr_type": null,
					"udt_name": "",
					"domain_name": null,
					"full_db_type": "float"
				},
				{
					"name": "float_nnull",
					"type": "float64",
					"db_type": "float",
					"default": "",
					"comment": "",
					"nullable": false,
					"unique": false,
					"validated": false,
					"auto_generated": false,
					"arr_type": null,
					"udt_name": "",
					"domain_name": null,
					"full_db_type": "float"
				},
				{
					"name": "doubleprec_null",
					"type": "null.Float64",
					"db_type": "float",
					"default": "",
					"comment": "",
					"nullable": true,
					"unique": false,
					"validated": false,
					"auto_generated": false,
					"arr_type": null,
					"udt_name": "",
					"domain_name": null,
					"full_db_type": "float"
				},
				{
					"name": "doubleprec_nnull",
					"type": "float64",
					"db_type": "float",
					"default": "",
					"comment": "",
					"nullable": false,
					"unique": false,
					"validated": false,
					"auto_generated": false,
					"arr_type": null,
					"udt_name": "",
					"domain_name": null,
					"full_db_type": "float"
				},
				{
					"name": "real_null",
					"type": "null.Float32",
					"db_type": "real",
					"default": "",
					"comment": "",
					"nullable": true,
					"unique": false,
					"validated": false,
					"auto_generated": false,
					"arr_type": null,
					"udt_name": "",
					"domain_name": null,
					"full_db_type": "real"
				},
				{
					"name": "real_nnull",
					"type": "float32",
					"db_type": "real",
					"default": "",
					"comment": "",
					"nullable": false,
					"unique": false,
					"validated": false,
					"auto_generated": false,
					"arr_type": null,
					"udt_name": "",
					"domain_name": null,
					"full_db_type": "real"
				},
				{
					"name": "date_null",
					"type": "null.Time",
					"db_type": "date",
					"default": "",
					"comment": "",
					"nullable": true,
					"unique": false,
					"validated": false,
					"auto_generated": false,
					"arr_type": null,
					"udt_name": "",
					"domain_name": null,
					"full_db_type": "date"
				},
				{
					"name": "date_nnull",
					"type": "time.Time",
					"db_type": "date",
					"default": "",
					"comment": "",
					"nullable": false,
					"unique": false,
					"validated": false,
					"auto_generated": false,
					"arr_type": null,
					"udt_name": "",
					"domain_name": null,
					"full_db_type": "date"
				},
				{
					"name": "datetime_null",
					"type": "null.Time",
					"db_type": "datetime",
					"default": "",
					"comment": "",
					"nullable": true,
					"unique": false,
					"validated": false,
					"auto_generated": false,
					"arr_type": null,
					"udt_name": "",
					"domain_name": null,
					"full_db_type": "datetime"
				},
				{
					"name": "datetime_nnull",
					"type": "time.Time",
					"db_type": "datetime",
					"default": "",
					"comment": "",
					"nullable": false,
					"unique": false,
					"validated": false,
					"auto_generated": false,
					"arr_type": null,
					"udt_name": "",
					"domain_name": null,
					"full_db_type": "datetime"
				},
				{
					"name": "binary_null",
					"type": "null.Bytes",
					"db_type": "binary",
					"default": "",
					"comment": "",
					"nullable": true,
					"unique": false,
					"validated": false,
					"auto_generated": false,
					"arr_type": null,
					"udt_name": "",
					"domain_name": null,
					"full_db_type": "binary(1)"
				},
				{
					"name": "binary_nnull",
					"type": "[]byte",
					"db_type": "binary",
					"default": "",
					"comment": "",
					"nullable": false,
					"unique": false,
					"validated": false,
					"auto_generated": false,
					"arr_type": null,
					"udt_name": "",
					"domain_name": null,
					"full_db_type": "binary(1)"
				},
				{
					"name": "varbinary_null",
					"type": "null.Bytes",
					"db_type": "varbinary",
					"default": "",
					"comment": "",
					"nullable": true,
					"unique": false,
					"validated": false,
					"auto_generated": false,
					"arr_type": null,
					"udt_name": "",
					"domain_name": null,
					"full_db_type": "varbinary(1)"
				},
				{
					"name": "varbinary_nnull",
					"type": "[]byte",
					"db_type": "varbinary",
					"default": "",
					"comment": "",
					"nullable": false,
					"unique": false,
					"validated": false,
					"auto_generated": false,
					"arr_type": null,
					"udt_name": "",
					"domain_name": null,
					"full_db_type": "varbinary(1)"
				},
				{
					"name": "varbinary100_null",
					"type": "null.Bytes",
					"db_type": "varbinary",
					"default": "",
					"comment": "",
					"nullable": true,
					"unique": false,
					"validated": false,
					"auto_generated": false,
					"arr_type": null,
					"udt_name": "",
					"domain_name": null,
					"full_db_type": "varbinary(100)"
				},
				{
					"name": "varbinary100_nnull",
					"type": "[]byte",
					"db_type": "varbinary",
					"default": "",
					"comment": "",
					"nullable": false,
					"unique": false,
					"validated": false,
					"auto_generated": false,
					"arr_type": null,
					"udt_name": "",
					"domain_name": null,
					"full_db_type": "varbinary(100)"
				},
				{
					"name": "varbinarymax_null",
					"type": "null.Bytes",
					"db_type": "varbinary",
					"default": "",
					"comment": "",
					"nullable": true,
					"unique": false,
					"validated": false,
					"auto_generated": false,
					"arr_type": null,
					"udt_name": "",
					"domain_name": null,
					"full_db_type": "varbinary(-1)"
				},
				{
					"name": "varbinarymax_nnull",
					"type": "[]byte",
					"db_type": "varbinary",
					"default": "",
					"comment": "",
					"nullable": false,
					"unique": false,
					"validated": false,
					"auto_generated": false,
					"arr_type": null,
					"udt_name": "",
					"domain_name": null,
					"full_db_type": "varbinary(-1)"
				},
				{
					"name": "char_null",
					"type": "null.String",
					"db_type": "char",
					"default": "",
					"comment": "",
					"nullable": true,
					"unique": false,
					"validated": false,
					"auto_generated": false,
					"arr_type": null,
					"udt_name": "",
					"domain_name": null,
					"full_db_type": "char(1)"
				},
				{
					"name": "char_nnull",
					"type": "string",
					"db_type": "char",
					"default": "",
					"comment": "",
					"nullable": false,
					"unique": false,
					"validated": false,
					"auto_generated": false,
					"arr_type": null,
					"udt_name": "",
					"domain_name": null,
					"full_db_type": "char(1)"
				},
				{
					"name": "varchar_null",
					"type": "null.String",
					"db_type": "varchar",
					"default": "",
					"comment": "",
					"nullable": true,
					"unique": false,
					"validated": false,
					"auto_generated": false,
					"arr_type": null,
					"udt_name": "",
					"domain_name": null,
					"full_db_type": "varchar(-1)"
				},
				{
					"name": "varchar_nnull",
					"type": "string",
					"db_type": "varchar",
					"default": "",
					"comment": "",
					"nullable": false,
					"unique": false,
					"validated": false,
					"auto_generated": false,
					"arr_type": null,
					"udt_name": "",
					"domain_name": null,
					"full_db_type": "varchar(-1)"
				},
				{
					"name": "varchar100_null",
					"type": "null.String",
					"db_type": "varchar",
					"default": "",
					"comment": "",
					"nullable": true,
					"unique": false,
					"validated": false,
					"auto_generated": false,
					"arr_type": null,
					"udt_name": "",
					"domain_name": null,
					"full_db_type": "varchar(100)"
				},
				{
					"name": "varchar100_nnull",
					"type": "string",
					"db_type": "varchar",
					"default": "",
					"comment": "",
					"nullable": false,
					"unique": false,
					"validated": false,
					"auto_generated": false,
					"arr_type": null,
					"udt_name": "",
					"domain_name": null,
					"full_db_type": "varchar(100)"
				},
				{
					"name": "uniqueidentifier_null",
					"type": "mssql.UniqueIdentifier",
					"db_type": "uuid",
					"default": "",
					"comment": "",
					"nullable": true,
					"unique": false,
					"validated": false,
					"auto_generated": false,
					"arr_type": null,
					"udt_name": "",
					"domain_name": null,
					"full_db_type": "uniqueidentifier"
				},
				{
					"name": "uniqueidentifier_nnull",
					"type": "mssql.UniqueIdentifier",
					"db_type": "uuid",
					"default": "",
					"comment": "",
					"nullable": false,
					"unique": false,
					"validated": false,
					"auto_generated": false,
					"arr_type": null,
					"udt_name": "",
					"domain_name": null,
					"full_db_type": "uniqueidentifier"
				},
				{
					"name": "datetimeoffset_null",
					"type": "null.Time",
					"db_type": "datetimeoffset",
					"default": "",
					"comment": "",
					"nullable": true,
					"unique": false,
					"validated": false,
					"auto_generated": false,
					"arr_type": null,
					"udt_name": "",
					"domain_name": null,
					"full_db_type": "datetimeoffset"
				},
				{
					"name": "datetimeoffset_nnull",
					"type": "time.Time",
					"db_type": "datetimeoffset",
					"default": "",
					"comment": "",
					"nullable": false,
					"unique": false,
					"validated": false,
					"auto_generated": false,
					"arr_type": null,
					"udt_name": "",
					"domain_name": null,
					"full_db_type": "datetimeoffset"
				},
				{
					"name": "generated_persisted",
					"type": "null.Int64",
					"db_type": "bigint",
					"default": "AUTO_GENERATED",
					"comment": "",
					"nullable": true,
					"unique": false,
					"validated": false,
					"auto_generated": true,
					"arr_type": null,
					"udt_name": "",
					"domain_name": null,
					"full_db_type": "bigint"
				},
				{
					"name": "generated_virtual",
					"type": "null.Int16",
					"db_type": "smallint",
					"default": "AUTO_GENERATED",
					"comment": "",
					"nullable": true,
					"unique": false,
					"validated": false,
					"auto_generated": true,
					"arr_type": null,
					"udt_name": "",
					"domain_name": null,
					"full_db_type": "smallint"
				}
			],
			"p_key": {
				"name": "PK__type_mon",
				"columns": [
					"id"
				]
			},
			"f_keys": null,
			"is_join_table": false,
			"to_one_relationships": null,
			"to_many_relationships": null,
			"is_view": false,
			"view_capabilities": {
				"can_insert": false,
				"can_upsert": false
			}
		},
		{
			"name": "users",
			"schema_name": "",
			"columns": [
				{
					"name": "id",
					"type": "int",
					"db_type": "int",
					"default": "AUTO_GENERATED",
					"comment": "",
					"nullable": false,
					"unique": true,
					"validated": false,
					"auto_generated": true,
					"arr_type": null,
					"udt_name": "",
					"domain_name": null,
					"full_db_type": "int"
				}
			],
			"p_key": {
				"name": "PK__users",
				"columns": [
					"id"
				]
			},
			"f_keys": null,
			"is_join_table": false,
			"to_one_relationships": null,
			"to_many_relationships": [
				{
					"name": "FK_videos_users",
					"table": "users",
					"column": "id",
					"nullable": false,
					"unique": true,
					"foreign_table": "videos",
					"foreign_column": "user_id",
					"foreign_column_nullable": false,
					"foreign_column_unique": false,
					"to_join_table": false,
					"join_table": "",
					"join_local_fkey_name": "",
					"join_local_column": "",
					"join_local_column_nullable": false,
					"join_local_column_unique": false,
					"join_foreign_fkey_name": "",
					"join_foreign_column": "",
					"join_foreign_column_nullable": false,
					"join_foreign_column_unique": false
				}
			],
			"is_view": false,
			"view_capabilities": {
				"can_insert": false,
				"can_upsert": false
			}
		},
		{
			"name": "video_tags",
			"schema_name": "",
			"columns": [
				{
					"name": "video_id",
					"type": "int",
					"db_type": "int",
					"default": "",
					"comment": "",
					"nullable": false,
					"unique": false,
					"validated": false,
					"auto_generated": false,
					"arr_type": null,
					"udt_name": "",
					"domain_name": null,
					"full_db_type": "int"
				},
				{
					"name": "tag_id",
					"type": "int",
					"db_type": "int",
					"default": "",
					"comment": "",
					"nullable": false,
					"unique": false,
					"validated": false,
					"auto_generated": false,
					"arr_type": null,
					"udt_name": "",
					"domain_name": null,
					"full_db_type": "int"
				}
			],
			"p_key": {
				"name": "PK__video_ta",
				"columns": [
					"video_id",
					"tag_id"
				]
			},
			"f_keys": [
				{
					"table": "video_tags",
					"name": "FK_video_tags_tags",
					"column": "tag_id",
					"nullable": false,
					"unique": false,
					"foreign_table": "tags",
					"foreign_column": "id",
					"foreign_column_nullable": false,
					"foreign_column_unique": true
				},
				{
					"table": "video_tags",
					"name": "FK_video_tags_videos",
					"column": "video_id",
					"nullable": false,
					"unique": false,
					"foreign_table": "videos",
					"foreign_column": "id",
					"foreign_column_nullable": false,
					"foreign_column_unique": true
				}
			],
			"is_join_table": true,
			"to_one_relationships": null,
			"to_many_relationships": null,
			"is_view": false,
			"view_capabilities": {
				"can_insert": false,
				"can_upsert": false
			}
		},
		{
			"name": "videos",
			"schema_name": "",
			"columns": [
				{
					"name": "id",
					"type": "int",
					"db_type": "int",
					"default": "AUTO_GENERATED",
					"comment": "",
					"nullable": false,
					"unique": true,
					"validated": false,
					"auto_generated": true,
					"arr_type": null,
					"udt_name": "",
					"domain_name": null,
					"full_db_type": "int"
				},
				{
					"name": "user_id",
					"type": "int",
					"db_type": "int",
					"default": "",
					"comment": "",
					"nullable": false,
					"unique": false,
					"validated": false,
					"auto_generated": false,
					"arr_type": null,
					"udt_name": "",
					"domain_name": null,
					"full_db_type": "int"
				},
				{
					"name": "sponsor_id",
					"type": "null.Int",
					"db_type": "int",
					"default": "",
					"comment": "",
					"nullable": true,
					"unique": true,
					"validated": false,
					"auto_generated": false,
					"arr_type": null,
					"udt_name": "",
					"domain_name": null,
					"full_db_type": "int"
				}
			],
			"p_key": {
				"name": "PK__videos",
				"columns": [
					"id"
				]
			},
			"f_keys": [
				{
					"table": "videos",
					"name": "FK_videos_sponsors",
					"column": "sponsor_id",
					"nullable": true,
					"unique": true,
					"foreign_table": "sponsors",
					"foreign_column": "id",
					"foreign_column_nullable": false,
					"foreign_column_unique": true
				},
				{
					"table": "videos",
					"name": "FK_videos_users",
					"column": "user_id",
					"nullable": false,
					"unique": false,
					"foreign_table": "users",
					"foreign_column": "id",
					"foreign_column_nullable": false,
					"foreign_column_unique": true
				}
			],
			"is_join_table": false,
			"to_one_relationships": null,
			"to_many_relationships": [
				{
					"name": "",
					"table": "videos",
					"column": "id",
					"nullable": false,
					"unique": true,
					"foreign_table": "tags",
					"foreign_column": "id",
					"foreign_column_nullable": false,
					"foreign_column_unique": true,
					"to_join_table": true,
					"join_table": "video_tags",
					"join_local_fkey_name": "FK_video_tags_videos",
					"join_local_column": "video_id",
					"join_local_column_nullable": false,
					"join_local_column_unique": false,
					"join_foreign_fkey_name": "FK_video_tags_tags",
					"join_foreign_column": "tag_id",
					"join_foreign_column_nullable": false,
					"join_foreign_column_unique": false
				}
			],
			"is_view": false,
			"view_capabilities": {
				"can_insert": false,
				"can_upsert": false
			}
		},
		{
			"name": "user_videos",
			"schema_name": "",
			"columns": [
				{
					"name": "user_id",
					"type": "int",
					"db_type": "int",
					"default": "",
					"comment": "",
					"nullable": false,
					"unique": false,
					"validated": false,
					"auto_generated": false,
					"arr_type": null,
					"udt_name": "",
					"domain_name": null,
					"full_db_type": "int"
				},
				{
					"name": "video_id",
					"type": "int",
					"db_type": "int",
					"default": "",
					"comment": "",
					"nullable": false,
					"unique": false,
					"validated": false,
					"auto_generated": false,
					"arr_type": null,
					"udt_name": "",
					"domain_name": null,
					"full_db_type": "int"
				},
				{
					"name": "sponsor_id",
					"type": "null.Int",
					"db_type": "int",
					"default": "",
					"comment": "",
					"nullable": true,
					"unique": false,
					"validated": false,
					"auto_generated": false,
					"arr_type": null,
					"udt_name": "",
					"domain_name": null,
					"full_db_type": "int"
				}
			],
			"p_key": null,
			"f_keys": null,
			"is_join_table": false,
			"to_one_relationships": null,
			"to_many_relationships": null,
			"is_view": true,
			"view_capabilities": {
				"can_insert": false,
				"can_upsert": false
			}
		}
	],
	"dialect": {
		"lq": 91,
		"rq": 93,
		"use_index_placeholders": true,
		"use_last_insert_id": false,
		"use_schema": true,
		"use_default_keyword": true,
		"use_top_clause": true,
		"use_output_clause": true,
		"use_case_when_exists_clause": true,
		"use_auto_columns": false
	}
}