{
	"schema": "",
	"tables": [
		{
			"name": "node",
			"schema_name": "",
			"columns": [
				{
					"name": "id",
					"type": "int",
					"db_type": "int",
					"default": "",
					"comment": "",
					"nullable": false,
					"unique": true,
					"validated": false,
					"auto_generated": false,
					"arr_type": null,
					"udt_name": "",
					"domain_name": null,
					"full_db_type": "int"
				},
				{
					"name": "parent_id",
					"type": "null.Int",
					"db_type": "int",
					"default": "",
					"comment": "",
					"nullable": true,
					"unique": false,
					"validated": false,
					"auto_generated": false,
					"arr_type": null,
					"udt_name": "",
					"domain_name": null,
					"full_db_type": "int"
				},
				{
					"name": "root_id",
					"type": "int",
					"db_type": "int",
					"default": "",
					"comment": "",
					"nullable": false,
					"unique": false,
					"validated": false,
					"auto_generated": false,
					"arr_type": null,
					"udt_name": "",
					"domain_name": null,
					"full_db_type": "int"
				}
			],
			"p_key": {
				"name": "PRIMARY",
				"columns": [
					"id"
				]
			},
			"f_keys": [
				{
					"table": "node",
					"name": "FK_node_parent",
					"column": "parent_id",
					"nullable": true,
					"unique": false,
					"foreign_table": "node",
					"foreign_column": "id",
					"foreign_column_nullable": false,
					"foreign_column_unique": true
				},
				{
					"table": "node",
					"name": "FK_node_root",
					"column": "root_id",
					"nullable": false,
					"unique": false,
					"foreign_table": "node",
					"foreign_column": "id",
					"foreign_column_nullable": false,
					"foreign_column_unique": true
				}
			],
			"is_join_table": false,
			"to_one_relationships": null,
			"to_many_relationships": [
				{
					"name": "FK_node_parent",
					"table": "node",
					"column": "id",
					"nullable": false,
					"unique": true,
					"foreign_table": "node",
					"foreign_column": "parent_id",
					"foreign_column_nullable": true,
					"foreign_column_unique": false,
					"to_join_table": false,
					"join_table": "",
					"join_local_fkey_name": "",
					"join_local_column": "",
					"join_local_column_nullable": false,
					"join_local_column_unique": false,
					"join_foreign_fkey_name": "",
					"join_foreign_column": "",
					"join_foreign_column_nullable": false,
					"join_foreign_column_unique": false
				},
				{
					"name": "FK_node_root",
					"table": "node",
					"column": "id",
					"nullable": false,
					"unique": true,
					"foreign_table": "node",
					"foreign_column": "root_id",
					"foreign_column_nullable": false,
					"foreign_column_unique": false,
					"to_join_table": false,
					"join_table": "",
					"join_local_fkey_name": "",
					"join_local_column": "",
					"join_local_column_nullable": false,
					"join_local_column_unique": false,
					"join_foreign_fkey_name": "",
					"join_foreign_column": "",
					"join_foreign_column_nullable": false,
					"join_foreign_column_unique": false
				}
			],
			"is_view": false,
			"view_capabilities": {
				"can_insert": false,
				"can_upsert": false
			}
		},
		{
			"name": "sponsors",
			"schema_name": "",
			"columns": [
				{
					"name": "id",
					"type": "int",
					"db_type": "int",
					"default": "auto_increment",
					"comment": "",
					"nullable": false,
					"unique": true,
					"validated": false,
					"auto_generated": false,
					"arr_type": null,
					"udt_name": "",
					"domain_name": null,
					"full_db_type": "int"
				}
			],
			"p_key": {
				"name": "PRIMARY",
				"columns": [
					"id"
				]
			},
			"f_keys": null,
			"is_join_table": false,
			"to_one_relationships": [
				{
					"name": "videos_ibfk_2",
					"table": "sponsors",
					"column": "id",
					"nullable": false,
					"unique": true,
					"foreign_table": "videos",
					"foreign_column": "sponsor_id",
					"foreign_column_nullable": true,
					"foreign_column_unique": true
				}
			],
			"to_many_relationships": null,
			"is_view": false,
			"view_capabilities": {
				"can_insert": false,
				"can_upsert": false
			}
		},
		{
			"name": "tags",
			"schema_name": "",
			"columns": [
				{
					"name": "id",
					"type": "int",
					"db_type": "int",
					"default": "auto_increment",
					"comment": "",
					"nullable": false,
					"unique": true,
					"validated": false,
					"auto_generated": false,
					"arr_type": null,
					"udt_name": "",
					"domain_name": null,
					"full_db_type": "int"
				}
			],
			"p_key": {
				"name": "PRIMARY",
				"columns": [
					"id"
				]
			},
			"f_keys": null,
			"is_join_table": false,
			"to_one_relationships": null,
			"to_many_relationships": [
				{
					"name": "",
					"table": "tags",
					"column": "id",
					"nullable": false,
					"unique": true,
					"foreign_table": "videos",
					"foreign_column": "id",
					"foreign_column_nullable": false,
					"foreign_column_unique": true,
					"to_join_table": true,
					"join_table": "video_tags",
					"join_local_fkey_name": "video_tags_ibfk_2",
					"join_local_column": "tag_id",
					"join_local_column_nullable": false,
					"join_local_column_unique": false,
					"join_foreign_fkey_name": "video_tags_ibfk_1",
					"join_foreign_column": "video_id",
					"join_foreign_column_nullable": false,
					"join_foreign_column_unique": false
				}
			],
			"is_view": false,
			"view_capabilities": {
				"can_insert": false,
				"can_upsert": false
			}
		},
		{
			"name": "type_monsters",
			"schema_name": "",
			"columns": [
				{
					"name": "id",
					"type": "int",
					"db_type": "int",
					"default": "auto_increment",
					"comment": "",
					"nullable": false,
					"unique": true,
					"validated": false,
					"auto_generated": false,
					"arr_type": null,
					"udt_name": "",
					"domain_name": null,
					"full_db_type": "int"
				},
				{
					"name": "enum_use",
					"type": "string",
					"db_type": "enum('monday','tuesday','wednesday','thursday','friday')",
					"default": "",
					"comment": "",
					"nullable": false,
					"unique": false,
					"validated": false,
					"auto_generated": false,
					"arr_type": null,
					"udt_name": "",
					"domain_name": null,
					"full_db_type": "enum('monday','tuesday','wednesday','thursday','friday')"
				},
				{
					"name": "enum_nullable",
					"type": "null.String",
					"db_type": "enum('monday','tuesday','wednesday','thursday','friday')",
					"default": "",
					"comment": "",
					"nullable": true,
					"unique": false,
					"validated": false,
					"auto_generated": false,
					"arr_type": null,
					"udt_name": "",
					"domain_name": null,
					"full_db_type": "enum('monday','tuesday','wednesday','thursday','friday')"
				},
				{
					"name": "id_two",
					"type": "int",
					"db_type": "int",
					"default": "",
					"comment": "",
					"nullable": false,
					"unique": false,
					"validated": false,
					"auto_generated": false,
					"arr_type": null,
					"udt_name": "",
					"domain_name": null,
					"full_db_type": "int"
				},
				{
					"name": "id_three",
					"type": "null.Int",
					"db_type": "int",
					"default": "",
					"comment": "",
					"nullable": true,
					"unique": false,
					"validated": false,
					"auto_generated": false,
					"arr_type": null,
					"udt_name": "",
					"domain_name": null,
					"full_db_type": "int"
				},
				{
					"name": "bool_zero",
					"type": "null.Bool",
					"db_type": "tinyint",
					"default": "",
					"comment": "",
					"nullable": true,
					"unique": false,
					"validated": false,
					"auto_generated": false,
					"arr_type": null,
					"udt_name": "",
					"domain_name": null,
					"full_db_type": "tinyint(1)"
				},
				{
					"name": "bool_one",
					"type": "null.Bool",
					"db_type": "tinyint",
					"default": "",
					"comment": "",
					"nullable": true,
					"unique": false,
					"validated": false,
					"auto_generated": false,
					"arr_type": null,
					"udt_name": "",
					"domain_name": null,
					"full_db_type": "tinyint(1)"
				},
				{
					"name": "bool_two",
					"type": "bool",
					"db_type": "tinyint",
					"default": "",
					"comment": "",
					"nullable": false,
					"unique": false,
					"validated": false,
					"auto_generated": false,
					"arr_type": null,
					"udt_name": "",
					"domain_name": null,
					"full_db_type": "tinyint(1)"
				},
				{
					"name": "bool_three",
					"type": "null.Bool",
					"db_type": "tinyint",
					"default": "0",
					"comment": "",
					"nullable": true,
					"unique": false,
					"validated": false,
					"auto_generated": false,
					"arr_type": null,
					"udt_name": "",
					"domain_name": null,
					"full_db_type": "tinyint(1)"
				},
				{
					"name": "bool_four",
					"type": "null.Bool",
					"db_type": "tinyint",
					"default": "1",
					"comment": "",
					"nullable": true,
					"unique": false,
					"validated": false,
					"auto_generated": false,
					"arr_type": null,
					"udt_name": "",
					"domain_name": null,
					"full_db_type": "tinyint(1)"
				},
				{
					"name": "bool_five",
					"type": "bool",
					"db_type": "tinyint",
					"default": "0",
					"comment": "",
					"nullable": false,
					"unique": false,
					"validated": false,
					"auto_generated": false,
					"arr_type": null,
					"udt_name": "",
					"domain_name": null,
					"full_db_type": "tinyint(1)"
				},
				{
					"name": "bool_six",
					"type": "bool",
					"db_type": "tinyint",
					"default": "1",
					"comment": "",
					"nullable": false,
					"unique": false,
					"validated": false,
					"auto_generated": false,
					"arr_type": null,
					"udt_name": "",
					"domain_name": null,
					"full_db_type": "tinyint(1)"
				},
				{
					"name": "string_zero",
					"type": "null.String",
					"db_type": "varchar",
					"default": "",
					"comment": "",
					"nullable": true,
					"unique": false,
					"validated": false,
					"auto_generated": false,
					"arr_type": null,
					"udt_name": "",
					"domain_name": null,
					"full_db_type": "varchar(1)"
				},
				{
					"name": "string_one",
					"type": "null.String",
					"db_type": "varchar",
					"default": "",
					"comment": "",
					"nullable": true,
					"unique": false,
					"validated": false,
					"auto_generated": false,
					"arr_type": null,
					"udt_name": "",
					"domain_name": null,
					"full_db_type": "varchar(1)"
				},
				{
					"name": "string_two",
					"type": "string",
					"db_type": "varchar",
					"default": "",
					"comment": "",
					"nullable": false,
					"unique": false,
					"validated": false,
					"auto_generated": false,
					"arr_type": null,
					"udt_name": "",
					"domain_name": null,
					"full_db_type": "varchar(1)"
				},
				{
					"name": "string_three",
					"type": "null.String",
					"db_type": "varchar",
					"default": "a",
					"comment": "",
					"nullable": true,
					"unique": false,
					"validated": false,
					"auto_generated": false,
					"arr_type": null,
					"udt_name": "",
					"domain_name": null,
					"full_db_type": "varchar(1)"
				},
				{
					"name": "string_four",
					"type": "string",
					"db_type": "varchar",
					"default": "b",
					"comment": "",
					"nullable": false,
					"unique": false,
					"validated": false,
					"auto_generated": false,
					"arr_type": null,
					"udt_name": "",
					"domain_name": null,
					"full_db_type": "varchar(1)"
				},
				{
					"name": "string_five",
					"type": "null.String",
					"db_type": "varchar",
					"default": "",
					"comment": "",
					"nullable": true,
					"unique": false,
					"validated": false,
					"auto_generated": false,
					"arr_type": null,
					"udt_name": "",
					"domain_name": null,
					"full_db_type": "varchar(1000)"
				},
				{
					"name": "string_six",
					"type": "null.String",
					"db_type": "varchar",
					"default": "",
					"comment": "",
					"nullable": true,
					"unique": false,
					"validated": false,
					"auto_generated": false,
					"arr_type": null,
					"udt_name": "",
					"domain_name": null,
					"full_db_type": "varchar(1000)"
				},
				{
					"name": "string_seven",
					"type": "string",
					"db_type": "varchar",
					"default": "",
					"comment": "",
					"nullable": false,
					"unique": false,
					"validated": false,
					"auto_generated": false,
					"arr_type": null,
					"udt_name": "",
					"domain_name": null,
					"full_db_type": "varchar(1000)"
				},
				{
					"name": "string_eight",
					"type": "null.String",
					"db_type": "varchar",
					"default": "abcdefgh",
					"comment": "",
					"nullable": true,
					"unique": false,
					"validated": false,
					"auto_generated": false,
					"arr_type": null,
					"udt_name": "",
					"domain_name": null,
					"full_db_type": "varchar(1000)"
				},
				{
					"name": "string_nine",
					"type": "string",
					"db_type": "varchar",
					"default": "abcdefgh",
					"comment": "",
					"nullable": false,
					"unique": false,
					"validated": false,
					"auto_generated": false,
					"arr_type": null,
					"udt_name": "",
					"domain_name": null,
					"full_db_type": "varchar(1000)"
				},
				{
					"name": "string_ten",
					"type": "null.String",
					"db_type": "varchar",
					"default": "",
					"comment": "",
					"nullable": true,
					"unique": false,
					"validated": false,
					"auto_generated": false,
					"arr_type": null,
					"udt_name": "",
					"domain_name": null,
					"full_db_type": "varchar(1000)"
				},
				{
					"name": "string_eleven",
					"type": "string",
					"db_type": "varchar",
					"default": "",
					"comment": "",
					"nullable": false,
					"unique": false,
					"validated": false,
					"auto_generated": false,
					"arr_type": null,
					"udt_name": "",
					"domain_name": null,
					"full_db_type": "varchar(1000)"
				},
				{
					"name": "big_int_zero",
					"type": "null.Int64",
					"db_type": "bigint",
					"default": "",
					"comment": "",
					"nullable": true,
					"unique": false,
					"validated": false,
					"auto_generated": false,
					"arr_type": null,
					"udt_name": "",
					"domain_name": null,
					"full_db_type": "bigint"
				},
				{
					"name": "big_int_one",
					"type": "null.Int64",
					"db_type": "bigint",
					"default": "",
					"comment": "",
					"nullable": true,
					"unique": false,
					"validated": false,
					"auto_generated": false,
					"arr_type": null,
					"udt_name": "",
					"domain_name": null,
					"full_db_type": "bigint"
				},
				{
					"name": "big_int_two",
					"type": "int64",
					"db_type": "bigint",
					"default": "",
					"comment": "",
					"nullable": false,
					"unique": false,
					"validated": false,
					"auto_generated": false,
					"arr_type": null,
					"udt_name": "",
					"domain_name": null,
					"full_db_type": "bigint"
				},
				{
					"name": "big_int_three",
					"type": "null.Int64",
					"db_type": "bigint",
					"default": "111111",
					"comment": "",
					"nullable": true,
					"unique": false,
					"validated": false,
					"auto_generated": false,
					"arr_type": null,
					"udt_name": "",
					"domain_name": null,
					"full_db_type": "bigint"
				},
				{
					"name": "big_int_four",
					"type": "int64",
					"db_type": "bigint",
					"default": "222222",
					"comment": "",
					"nullable": false,
					"unique": false,
					"validated": false,
					"auto_generated": false,
					"arr_type": null,
					"udt_name": "",
					"domain_name": null,
					"full_db_type": "bigint"
				},
				{
					"name": "big_int_five",
					"type": "null.Int64",
					"db_type": "bigint",
					"default": "0",
					"comment": "",
					"nullable": true,
					"unique": false,
					"validated": false,
					"auto_generated": false,
					"arr_type": null,
					"udt_name": "",
					"domain_name": null,
					"full_db_type": "bigint"
				},
				{
					"name": "big_int_six",
					"type": "int64",
					"db_type": "bigint",
					"default": "0",
					"comment": "",
					"nullable": false,
					"unique": false,
					"validated": false,
					"auto_generated": false,
					"arr_type": null,
					"udt_name": "",
					"domain_name": null,
					"full_db_type": "bigint"
				},
				{
					"name": "int_zero",
					"type": "null.Int",
					"db_type": "int",
					"default": "",
					"comment": "",
					"nullable": true,
					"unique": false,
					"validated": false,
					"auto_generated": false,
					"arr_type": null,
					"udt_name": "",
					"domain_name": null,
					"full_db_type": "int"
				},
				{
					"name": "int_one",
					"type": "null.Int",
					"db_type": "int",
					"default": "",
					"comment": "",
					"nullable": true,
					"unique": false,
					"validated": false,
					"auto_generated": false,
					"arr_type": null,
					"udt_name": "",
					"domain_name": null,
					"full_db_type": "int"
				},
				{
					"name": "int_two",
					"type": "int",
					"db_type": "int",
					"default": "",
					"comment": "",
					"nullable": false,
					"unique": false,
					"validated": false,
					"auto_generated": false,
					"arr_type": null,
					"udt_name": "",
					"domain_name": null,
					"full_db_type": "int"
				},
				{
					"name": "int_three",
					"type": "null.Int",
					"db_type": "int",
					"default": "333333",
					"comment": "",
					"nullable": true,
					"unique": false,
					"validated": false,
					"auto_generated": false,
					"arr_type": null,
					"udt_name": "",
					"domain_name": null,
					"full_db_type": "int"
				},
				{
					"name": "int_four",
					"type": "int",
					"db_type": "int",
					"default": "444444",
					"comment": "",
					"nullable": false,
					"unique": false,
					"validated": false,
					"auto_generated": false,
					"arr_type": null,
					"udt_name": "",
					"domain_name": null,
					"full_db_type": "int"
				},
				{
					"name": "int_five",
					"type": "null.Int",
					"db_type": "int",
					"default": "0",
					"comment": "",
					"nullable": true,
					"unique": false,
					"validated": false,
					"auto_generated": false,
					"arr_type": null,
					"udt_name": "",
					"domain_name": null,
					"full_db_type": "int"
				},
				{
					"name": "int_six",
					"type": "int",
					"db_type": "int",
					"default": "0",
					"comment": "",
					"nullable": false,
					"unique": false,
					"validated": false,
					"auto_generated": false,
					"arr_type": null,
					"udt_name": "",
					"domain_name": null,
					"full_db_type": "int"
				},
				{
					"name": "float_zero",
					"type": "null.Float32",
					"db_type": "float",
					"default": "",
					"comment": "",
					"nullable": true,
					"unique": false,
					"validated": false,
					"auto_generated": false,
					"arr_type": null,
					"udt_name": "",
					"domain_name": null,
					"full_db_type": "float"
				},
				{
					"name": "float_one",
					"type": "null.Float32",
					"db_type": "float",
					"default": "",
					"comment": "",
					"nullable": true,
					"unique": false,
					"validated": false,
					"auto_generated": false,
					"arr_type": null,
					"udt_name": "",
					"domain_name": null,
					"full_db_type": "float"
				},
				{
					"name": "float_two",
					"type": "null.Float32",
					"db_type": "float",
					"default": "",
					"comment": "",
					"nullable": true,
					"unique": false,
					"validated": false,
					"auto_generated": false,
					"arr_type": null,
					"udt_name": "",
					"domain_name": null,
					"full_db_type": "float(2,1)"
				},
				{
					"name": "float_three",
					"type": "null.Float32",
					"db_type": "float",
					"default": "",
					"comment": "",
					"nullable": true,
					"unique": false,
					"validated": false,
					"auto_generated": false,
					"arr_type": null,
					"udt_name": "",
					"domain_name": null,
					"full_db_type": "float(2,1)"
				},
				{
					"name": "float_four",
					"type": "null.Float32",
					"db_type": "float",
					"default": "",
					"comment": "",
					"nullable": true,
					"unique": false,
					"validated": false,
					"auto_generated": false,
					"arr_type": null,
					"udt_name": "",
					"domain_name": null,
					"full_db_type": "float(2,1)"
				},
				{
					"name": "float_five",
					"type": "float32",
					"db_type": "float",
					"default": "",
					"comment": "",
					"nullable": false,
					"unique": false,
					"validated": false,
					"auto_generated": false,
					"arr_type": null,
					"udt_name": "",
					"domain_name": null,
					"full_db_type": "float(2,1)"
				},
				{
					"name": "float_six",
					"type": "null.Float32",
					"db_type": "float",
					"default": "1.1",
					"comment": "",
					"nullable": true,
					"unique": false,
					"validated": false,
					"auto_generated": false,
					"arr_type": null,
					"udt_name": "",
					"domain_name": null,
					"full_db_type": "float(2,1)"
				},
				{
					"name": "float_seven",
					"type": "float32",
					"db_type": "float",
					"default": "1.1",
					"comment": "",
					"nullable": false,
					"unique": false,
					"validated": false,
					"auto_generated": false,
					"arr_type": null,
					"udt_name": "",
					"domain_name": null,
					"full_db_type": "float(2,1)"
				},
				{
					"name": "float_eight",
					"type": "null.Float32",
					"db_type": "float",
					"default": "0.0",
					"comment": "",
					"nullable": true,
					"unique": false,
					"validated": false,
					"auto_generated": false,
					"arr_type": null,
					"udt_name": "",
					"domain_name": null,
					"full_db_type": "float(2,1)"
				},
				{
					"name": "float_nine",
					"type": "null.Float32",
					"db_type": "float",
					"default": "0.0",
					"comment": "",
					"nullable": true,
					"unique": false,
					"validated": false,
					"auto_generated": false,
					"arr_type": null,
					"udt_name": "",
					"domain_name": null,
					"full_db_type": "float(2,1)"
				},
				{
					"name": "bytea_zero",
					"type": "null.Bytes",
					"db_type": "binary",
					"default": "",
					"comment": "",
					"nullable": true,
					"unique": false,
					"validated": false,
					"auto_generated": false,
					"arr_type": null,
					"udt_name": "",
					"domain_name": null,
					"full_db_type": "binary(1)"
				},
				{
					"name": "bytea_one",
					"type": "null.Bytes",
					"db_type": "binary",
					"default": "",
					"comment": "",
					"nullable": true,
					"unique": false,
					"validated": false,
					"auto_generated": false,
					"arr_type": null,
					"udt_name": "",
					"domain_name": null,
					"full_db_type": "binary(1)"
				},
				{
					"name": "bytea_two",
					"type": "[]byte",
					"db_type": "binary",
					"default": "",
					"comment": "",
					"nullable": false,
					"unique": false,
					"validated": false,
					"auto_generated": false,
					"arr_type": null,
					"udt_name": "",
					"domain_name": null,
					"full_db_type": "binary(1)"
				},
				{
					"name": "bytea_three",
					"type": "[]byte",
					"db_type": "binary",
					"default": "0x61",
					"comment": "",
					"nullable": false,
					"unique": false,
					"validated": false,
					"auto_generated": false,
					"arr_type": null,
					"udt_name": "",
					"domain_name": null,
					"full_db_type": "binary(1)"
				},
				{
					"name": "bytea_four",
					"type": "null.Bytes",
					"db_type": "binary",
					"default": "0x62",
					"comment": "",
					"nullable": true,
					"unique": false,
					"validated": false,
					"auto_generated": false,
					"arr_type": null,
					"udt_name": "",
					"domain_name": null,
					"full_db_type": "binary(1)"
				},
				{
					"name": "bytea_five",
					"type": "[]byte",
					"db_type": "binary",
					"default": "0x616263646566676861626364656667686162636465666768",
					"comment": "",
					"nullable": false,
					"unique": false,
					"validated": false,
					"auto_generated": false,
					"arr_type": null,
					"udt_name": "",
					"domain_name": null,
					"full_db_type": "binary(100)"
				},
				{
					"name": "bytea_six",
					"type": "null.Bytes",
					"db_type": "binary",
					"default": "0x686766656463626168676665646362616867666564636261",
					"comment": "",
					"nullable": true,
					"unique": false,
					"validated": false,
					"auto_generated": false,
					"arr_type": null,
					"udt_name": "",
					"domain_name": null,
					"full_db_type": "binary(100)"
				},
				{
					"name": "bytea_seven",
					"type": "[]byte",
					"db_type": "binary",
					"default": "0x",
					"comment": "",
					"nullable": false,
					"unique": false,
					"validated": false,
					"auto_generated": false,
					"arr_type": null,
					"udt_name": "",
					"domain_name": null,
					"full_db_type": "binary(1)"
				},
				{
					"name": "bytea_eight",
					"type": "[]byte",
					"db_type": "binary",
					"default": "0x",
					"comment": "",
					"nullable": false,
					"unique": false,
					"validated": false,
					"auto_generated": false,
					"arr_type": null,
					"udt_name": "",
					"domain_name": null,
					"full_db_type": "binary(1)"
				},
				{
					"name": "time_zero",
					"type": "null.Time",
					"db_type": "timestamp",
					"default": "",
					"comment": "",
					"nullable": true,
					"unique": false,
					"validated": false,
					"auto_generated": false,
					"arr_type": null,
					"udt_name": "",
					"domain_name": null,
					"full_db_type": "timestamp"
				},
				{
					"name": "time_one",
					"type": "null.Time",
					"db_type": "date",
					"default": "",
					"comment": "",
					"nullable": true,
					"unique": false,
					"validated": false,
					"auto_generated": false,
					"arr_type": null,
					"udt_name": "",
					"domain_name": null,
					"full_db_type": "date"
				},
				{
					"name": "time_two",
					"type": "null.Time",
					"db_type": "timestamp",
					"default": "",
					"comment": "",
					"nullable": true,
					"unique": false,
					"validated": false,
					"auto_generated": false,
					"arr_type": null,
					"udt_name": "",
					"domain_name": null,
					"full_db_type": "timestamp"
				},
				{
					"name": "time_three",
					"type": "null.Time",
					"db_type": "timestamp",
					"default": "",
					"comment": "",
					"nullable": true,
					"unique": false,
					"validated": false,
					"auto_generated": false,
					"arr_type": null,
					"udt_name": "",
					"domain_name": null,
					"full_db_type": "timestamp"
				},
				{
					"name": "time_five",
					"type": "null.Time",
					"db_type": "timestamp",
					"default": "CURRENT_TIMESTAMP",
					"comment": "",
					"nullable": true,
					"unique": false,
					"validated": false,
					"auto_generated": false,
					"arr_type": null,
					"udt_name": "",
					"domain_name": null,
					"full_db_type": "timestamp"
				},
				{
					"name": "time_nine",
					"type": "time.Time",
					"db_type": "timestamp",
					"default": "CURRENT_TIMESTAMP",
					"comment": "",
					"nullable": false,
					"unique": false,
					"validated": false,
					"auto_generated": false,
					"arr_type": null,
					"udt_name": "",
					"domain_name": null,
					"full_db_type": "timestamp"
				},
				{
					"name": "time_eleven",
					"type": "null.Time",
					"db_type": "date",
					"default": "",
					"comment": "",
					"nullable": true,
					"unique": false,
					"validated": false,
					"auto_generated": false,
					"arr_type": null,
					"udt_name": "",
					"domain_name": null,
					"full_db_type": "date"
				},
				{
					"name": "time_twelve",
					"type": "time.Time",
					"db_type": "date",
					"default": "",
					"comment": "",
					"nullable": false,
					"unique": false,
					"validated": false,
					"auto_generated": false,
					"arr_type": null,
					"udt_name": "",
					"domain_name": null,
					"full_db_type": "date"
				},
				{
					"name": "time_fifteen",
					"type": "null.Time",
					"db_type": "date",
					"default": "1999-01-08",
					"comment": "",
					"nullable": true,
					"unique": false,
					"validated": false,
					"auto_generated": false,
					"arr_type": null,
					"udt_name": "",
					"domain_name": null,
					"full_db_type": "date"
				},
				{
					"name": "time_sixteen",
					"type": "time.Time",
					"db_type": "date",
					"default": "1999-01-08",
					"comment": "",
					"nullable": false,
					"unique": false,
					"validated": false,
					"auto_generated": false,
					"arr_type": null,
					"udt_name": "",
					"domain_name": null,
					"full_db_type": "date"
				},
				{
					"name": "json_null",
					"type": "null.JSON",
					"db_type": "json",
					"default": "",
					"comment": "",
					"nullable": true,
					"unique": false,
					"validated": false,
					"auto_generated": false,
					"arr_type": null,
					"udt_name": "",
					"domain_name": null,
					"full_db_type": "json"
				},
				{
					"name": "json_nnull",
					"type": "types.JSON",
					"db_type": "json",
					"default": "",
					"comment": "",
					"nullable": false,
					"unique": false,
					"validated": false,
					"auto_generated": false,
					"arr_type": null,
					"udt_name": "",
					"domain_name": null,
					"full_db_type": "json"
				},
				{
					"name": "tinyint_null",
					"type": "null.Int8",
					"db_type": "tinyint",
					"default": "",
					"comment": "",
					"nullable": true,
					"unique": false,
					"validated": false,
					"auto_generated": false,
					"arr_type": null,
					"udt_name": "",
					"domain_name": null,
					"full_db_type": "tinyint"
				},
				{
					"name": "tinyint_nnull",
					"type": "int8",
					"db_type": "tinyint",
					"default": "",
					"comment": "",
					"nullable": false,
					"unique": false,
					"validated": false,
					"auto_generated": false,
					"arr_type": null,
					"udt_name": "",
					"domain_name": null,
					"full_db_type": "tinyint"
				},
				{
					"name": "tinyint1_null",
					"type": "null.Bool",
					"db_type": "tinyint",
					"default": "",
					"comment": "",
					"nullable": true,
					"unique": false,
					"validated": false,
					"auto_generated": false,
					"arr_type": null,
					"udt_name": "",
					"domain_name": null,
					"full_db_type": "tinyint(1)"
				},
				{
					"name": "tinyint1_nnull",
					"type": "bool",
					"db_type": "tinyint",
					"default": "",
					"comment": "",
					"nullable": false,
					"unique": false,
					"validated": false,
					"auto_generated": false,
					"arr_type": null,
					"udt_name": "",
					"domain_name": null,
					"full_db_type": "tinyint(1)"
				},
				{
					"name": "tinyint2_null",
					"type": "null.Int8",
					"db_type": "tinyint",
					"default": "",
					"comment": "",
					"nullable": true,
					"unique": false,
					"validated": false,
					"auto_generated": false,
					"arr_type": null,
					"udt_name": "",
					"domain_name": null,
					"full_db_type": "tinyint"
				},
				{
					"name": "tinyint2_nnull",
					"type": "int8",
					"db_type": "tinyint",
					"default": "",
					"comment": "",
					"nullable": false,
					"unique": false,
					"validated": false,
					"auto_generated": false,
					"arr_type": null,
					"udt_name": "",
					"domain_name": null,
					"full_db_type": "tinyint"
				},
				{
					"name": "smallint_null",
					"type": "null.Int16",
					"db_type": "smallint",
					"default": "",
					"comment": "",
					"nullable": true,
					"unique": false,
					"validated": false,
					"auto_generated": false,
					"arr_type": null,
					"udt_name": "",
					"domain_name": null,
					"full_db_type": "smallint"
				},
				{
					"name": "smallint_nnull",
					"type": "int16",
					"db_type": "smallint",
					"default": "",
					"comment": "",
					"nullable": false,
					"unique": false,
					"validated": false,
					"auto_generated": false,
					"arr_type": null,
					"udt_name": "",
					"domain_name": null,
					"full_db_type": "smallint"
				},
				{
					"name": "mediumint_null",
					"type": "null.Int32",
					"db_type": "mediumint",
					"default": "",
					"comment": "",
					"nullable": true,
					"unique": false,
					"validated": false,
					"auto_generated": false,
					"arr_type": null,
					"udt_name": "",
					"domain_name": null,
					"full_db_type": "mediumint"
				},
				{
					"name": "mediumint_nnull",
					"type": "int32",
					"db_type": "mediumint",
					"default": "",
					"comment": "",
					"nullable": false,
					"unique": false,
					"validated": false,
					"auto_generated": false,
					"arr_type": null,
					"udt_name": "",
					"domain_name": null,
					"full_db_type": "mediumint"
				},
				{
					"name": "bigint_null",
					"type": "null.Int64",
					"db_type": "bigint",
					"default": "",
					"comment": "",
					"nullable": true,
					"unique": false,
					"validated": false,
					"auto_generated": false,
					"arr_type": null,
					"udt_name": "",
					"domain_name": null,
					"full_db_type": "bigint"
				},
				{
					"name": "bigint_nnull",
					"type": "int64",
					"db_type": "bigint",
					"default": "",
					"comment": "",
					"nullable": false,
					"unique": false,
					"validated": false,
					"auto_generated": false,
					"arr_type": null,
					"udt_name": "",
					"domain_name": null,
					"full_db_type": "bigint"
				},
				{
					"name": "float_null",
					"type": "null.Float32",
					"db_type": "float",
					"default": "",
					"comment": "",
					"nullable": true,
					"unique": false,
					"validated": false,
					"auto_generated": false,
					"arr_type": null,
					"udt_name": "",
					"domain_name": null,
					"full_db_type": "float"
				},
				{
					"name": "float_nnull",
					"type": "float32",
					"db_type": "float",
					"default": "",
					"comment": "",
					"nullable": false,
					"unique": false,
					"validated": false,
					"auto_generated": false,
					"arr_type": null,
					"udt_name": "",
					"domain_name": null,
					"full_db_type": "float"
				},
				{
					"name": "double_null",
					"type": "null.Float64",
					"db_type": "double",
					"default": "",
					"comment": "",
					"nullable": true,
					"unique": false,
					"validated": false,
					"auto_generated": false,
					"arr_type": null,
					"udt_name": "",
					"domain_name": null,
					"full_db_type": "double"
				},
				{
					"name": "double_nnull",
					"type": "float64",
					"db_type": "double",
					"default": "",
					"comment": "",
					"nullable": false,
					"unique": false,
					"validated": false,
					"auto_generated": false,
					"arr_type": null,
					"udt_name": "",
					"domain_name": null,
					"full_db_type": "double"
				},
				{
					"name": "doubleprec_null",
					"type": "null.Float64",
					"db_type": "double",
					"default": "",
					"comment": "",
					"nullable": true,
					"unique": false,
					"validated": false,
					"auto_generated": false,
					"arr_type": null,
					"udt_name": "",
					"domain_name": null,
					"full_db_type": "double"
				},
				{
					"name": "doubleprec_nnull",
					"type": "float64",
					"db_type": "double",
					"default": "",
					"comment": "",
					"nullable": false,
					"unique": false,
					"validated": false,
					"auto_generated": false,
					"arr_type": null,
					"udt_name": "",
					"domain_name": null,
					"full_db_type": "double"
				},
				{
					"name": "real_null",
					"type": "null.Float64",
					"db_type": "double",
					"default": "",
					"comment": "",
					"nullable": true,
					"unique": false,
					"validated": false,
					"auto_generated": false,
					"arr_type": null,
					"udt_name": "",
					"domain_name": null,
					"full_db_type": "double"
				},
				{
					"name": "real_nnull",
					"type": "float64",
					"db_type": "double",
					"default": "",
					"comment": "",
					"nullable": false,
					"unique": false,
					"validated": false,
					"auto_generated": false,
					"arr_type": null,
					"udt_name": "",
					"domain_name": null,
					"full_db_type": "double"
				},
				{
					"name": "boolean_null",
					"type": "null.Bool",
					"db_type": "tinyint",
					"default": "",
					"comment": "",
					"nullable": true,
					"unique": false,
					"validated": false,
					"auto_generated": false,
					"arr_type": null,
					"udt_name": "",
					"domain_name": null,
					"full_db_type": "tinyint(1)"
				},
				{
					"name": "boolean_nnull",
					"type": "bool",
					"db_type": "tinyint",
					"default": "",
					"comment": "",
					"nullable": false,
					"unique": false,
					"validated": false,
					"auto_generated": false,
					"arr_type": null,
					"udt_name": "",
					"domain_name": null,
					"full_db_type": "tinyint(1)"
				},
				{
					"name": "date_null",
					"type": "null.Time",
					"db_type": "date",
					"default": "",
					"comment": "",
					"nullable": true,
					"unique": false,
					"validated": false,
					"auto_generated": false,
					"arr_type": null,
					"udt_name": "",
					"domain_name": null,
					"full_db_type": "date"
				},
				{
					"name": "date_nnull",
					"type": "time.Time",
					"db_type": "date",
					"default": "",
					"comment": "",
					"nullable": false,
					"unique": false,
					"validated": false,
					"auto_generated": false,
					"arr_type": null,
					"udt_name": "",
					"domain_name": null,
					"full_db_type": "date"
				},
				{
					"name": "datetime_null",
					"type": "null.Time",
					"db_type": "datetime",
					"default": "",
					"comment": "",
					"nullable": true,
					"unique": false,
					"validated": false,
					"auto_generated": false,
					"arr_type": null,
					"udt_name": "",
					"domain_name": null,
					"full_db_type": "datetime"
				},
				{
					"name": "datetime_nnull",
					"type": "time.Time",
					"db_type": "datetime",
					"default": "",
					"comment": "",
					"nullable": false,
					"unique": false,
					"validated": false,
					"auto_generated": false,
					"arr_type": null,
					"udt_name": "",
					"domain_name": null,
					"full_db_type": "datetime"
				},
				{
					"name": "timestamp_null",
					"type": "null.Time",
					"db_type": "timestamp",
					"default": "",
					"comment": "",
					"nullable": true,
					"unique": false,
					"validated": false,
					"auto_generated": false,
					"arr_type": null,
					"udt_name": "",
					"domain_name": null,
					"full_db_type": "timestamp"
				},
				{
					"name": "timestamp_nnull",
					"type": "time.Time",
					"db_type": "timestamp",
					"default": "CURRENT_TIMESTAMP",
					"comment": "",
					"nullable": false,
					"unique": false,
					"validated": false,
					"auto_generated": false,
					"arr_type": null,
					"udt_name": "",
					"domain_name": null,
					"full_db_type": "timestamp"
				},
				{
					"name": "binary_null",
					"type": "null.Bytes",
					"db_type": "binary",
					"default": "",
					"comment": "",
					"nullable": true,
					"unique": false,
					"validated": false,
					"auto_generated": false,
					"arr_type": null,
					"udt_name": "",
					"domain_name": null,
					"full_db_type": "binary(1)"
				},
				{
					"name": "binary_nnull",
					"type": "[]byte",
					"db_type": "binary",
					"default": "",
					"comment": "",
					"nullable": false,
					"unique": false,
					"validated": false,
					"auto_generated": false,
					"arr_type": null,
					"udt_name": "",
					"domain_name": null,
					"full_db_type": "binary(1)"
				},
				{
					"name": "varbinary_null",
					"type": "null.Bytes",
					"db_type": "varbinary",
					"default": "",
					"comment": "",
					"nullable": true,
					"unique": false,
					"validated": false,
					"auto_generated": false,
					"arr_type": null,
					"udt_name": "",
					"domain_name": null,
					"full_db_type": "varbinary(100)"
				},
				{
					"name": "varbinary_nnull",
					"type": "[]byte",
					"db_type": "varbinary",
					"default": "",
					"comment": "",
					"nullable": false,
					"unique": false,
					"validated": false,
					"auto_generated": false,
					"arr_type": null,
					"udt_name": "",
					"domain_name": null,
					"full_db_type": "varbinary(100)"
				},
				{
					"name": "tinyblob_null",
					"type": "null.Bytes",
					"db_type": "tinyblob",
					"default": "",
					"comment": "",
					"nullable": true,
					"unique": false,
					"validated": false,
					"auto_generated": false,
					"arr_type": null,
					"udt_name": "",
					"domain_name": null,
					"full_db_type": "tinyblob"
				},
				{
					"name": "tinyblob_nnull",
					"type": "[]byte",
					"db_type": "tinyblob",
					"default": "",
					"comment": "",
					"nullable": false,
					"unique": false,
					"validated": false,
					"auto_generated": false,
					"arr_type": null,
					"udt_name": "",
					"domain_name": null,
					"full_db_type": "tinyblob"
				},
				{
					"name": "blob_null",
					"type": "null.Bytes",
					"db_type": "blob",
					"default": "",
					"comment": "",
					"nullable": true,
					"unique": false,
					"validated": false,
					"auto_generated": false,
					"arr_type": null,
					"udt_name": "",
					"domain_name": null,
					"full_db_type": "blob"
				},
				{
					"name": "blob_nnull",
					"type": "[]byte",
					"db_type": "blob",
					"default": "",
					"comment": "",
					"nullable": false,
					"unique": false,
					"validated": false,
					"auto_generated": false,
					"arr_type": null,
					"udt_name": "",
					"domain_name": null,
					"full_db_type": "blob"
				},
				{
					"name": "mediumblob_null",
					"type": "null.Bytes",
					"db_type": "mediumblob",
					"default": "",
					"comment": "",
					"nullable": true,
					"unique": false,
					"validated": false,
					"auto_generated": false,
					"arr_type": null,
					"udt_name": "",
					"domain_name": null,
					"full_db_type": "mediumblob"
				},
				{
					"name": "mediumblob_nnull",
					"type": "[]byte",
					"db_type": "mediumblob",
					"default": "",
					"comment": "",
					"nullable": false,
					"unique": false,
					"validated": false,
					"auto_generated": false,
					"arr_type": null,
					"udt_name": "",
					"domain_name": null,
					"full_db_type": "mediumblob"
				},
				{
					"name": "longblob_null",
					"type": "null.Bytes",
					"db_type": "longblob",
					"default": "",
					"comment": "",
					"nullable": true,
					"unique": false,
					"validated": false,
					"auto_generated": false,
					"arr_type": null,
					"udt_name": "",
					"domain_name": null,
					"full_db_type": "longblob"
				},
				{
					"name": "longblob_nnull",
					"type": "[]byte",
					"db_type": "longblob",
					"default": "",
					"comment": "",
					"nullable": false,
					"unique": false,
					"validated": false,
					"auto_generated": false,
					"arr_type": null,
					"udt_name": "",
					"domain_name": null,
					"full_db_type": "longblob"
				},
				{
					"name": "varchar_null",
					"type": "null.String",
					"db_type": "varchar",
					"default": "",
					"comment": "",
					"nullable": true,
					"unique": false,
					"validated": false,
					"auto_generated": false,
					"arr_type": null,
					"udt_name": "",
					"domain_name": null,
					"full_db_type": "varchar(100)"
				},
				{
					"name": "varchar_nnull",
					"type": "string",
					"db_type": "varchar",
					"default": "",
					"comment": "",
					"nullable": false,
					"unique": false,
					"validated": false,
					"auto_generated": false,
					"arr_type": null,
					"udt_name": "",
					"domain_name": null,
					"full_db_type": "varchar(100)"
				},
				{
					"name": "char_null",
					"type": "null.String",
					"db_type": "char",
					"default": "",
					"comment": "",
					"nullable": true,
					"unique": false,
					"validated": false,
					"auto_generated": false,
					"arr_type": null,
					"udt_name": "",
					"domain_name": null,
					"full_db_type": "char(1)"
				},
				{
					"name": "char_nnull",
					"type": "string",
					"db_type": "char",
					"default": "",
					"comment": "",
					"nullable": false,
					"unique": false,
					"validated": false,
					"auto_generated": false,
					"arr_type": null,
					"udt_name": "",
					"domain_name": null,
					"full_db_type": "char(1)"
				},
				{
					"name": "text_null",
					"type": "null.String",
					"db_type": "text",
					"default": "",
					"comment": "",
					"nullable": true,
					"unique": false,
					"validated": false,
					"auto_generated": false,
					"arr_type": null,
					"udt_name": "",
					"domain_name": null,
					"full_db_type": "text"
				},
				{
					"name": "text_nnull",
					"type": "string",
					"db_type": "text",
					"default": "",
					"comment": "",
					"nullable": false,
					"unique": false,
					"validated": false,
					"auto_generated": false,
					"arr_type": null,
					"udt_name": "",
					"domain_name": null,
					"full_db_type": "text"
				},
				{
					"name": "virtual_nnull",
					"type": "string",
					"db_type": "text",
					"default": "AUTO_GENERATED",
					"comment": "",
					"nullable": false,
					"unique": false,
					"validated": false,
					"auto_generated": true,
					"arr_type": null,
					"udt_name": "",
					"domain_name": null,
					"full_db_type": "text"
				},
				{
					"name": "virtual_null",
					"type": "null.String",
					"db_type": "text",
					"default": "AUTO_GENERATED",
					"comment": "",
					"nullable": true,
					"unique": false,
					"validated": false,
					"auto_generated": true,
					"arr_type": null,
					"udt_name": "",
					"domain_name": null,
					"full_db_type": "text"
				},
				{
					"name": "generated_nnull",
					"type": "string",
					"db_type": "text",
					"default": "AUTO_GENERATED",
					"comment": "",
					"nullable": false,
					"unique": false,
					"validated": false,
					"auto_generated": true,
					"arr_type": null,
					"udt_name": "",
					"domain_name": null,
					"full_db_type": "text"
				},
				{
					"name": "generated_null",
					"type": "null.String",
					"db_type": "text",
					"default": "AUTO_GENERATED",
					"comment": "",
					"nullable": true,
					"unique": false,
					"validated": false,
					"auto_generated": true,
					"arr_type": null,
					"udt_name": "",
					"domain_name": null,
					"full_db_type": "text"
				}
			],
			"p_key": {
				"name": "PRIMARY",
				"columns": [
					"id"
				]
			},
			"f_keys": null,
			"is_join_table": false,
			"to_one_relationships": null,
			"to_many_relationships": null,
			"is_view": false,
			"view_capabilities": {
				"can_insert": false,
				"can_upsert": false
			}
		},
		{
			"name": "users",
			"schema_name": "",
			"columns": [
				{
					"name": "id",
					"type": "int",
					"db_type": "int",
					"default": "auto_increment",
					"comment": "",
					"nullable": false,
					"unique": true,
					"validated": false,
					"auto_generated": false,
					"arr_type": null,
					"udt_name": "",
					"domain_name": null,
					"full_db_type": "int"
				}
			],
			"p_key": {
				"name": "PRIMARY",
				"columns": [
					"id"
				]
			},
			"f_keys": null,
			"is_join_table": false,
			"to_one_relationships": null,
			"to_many_relationships": [
				{
					"name": "videos_ibfk_1",
					"table": "users",
					"column": "id",
					"nullable": false,
					"unique": true,
					"foreign_table": "videos",
					"foreign_column": "user_id",
					"foreign_column_nullable": false,
					"foreign_column_unique": false,
					"to_join_table": false,
					"join_table": "",
					"join_local_fkey_name": "",
					"join_local_column": "",
					"join_local_column_nullable": false,
					"join_local_column_unique": false,
					"join_foreign_fkey_name": "",
					"join_foreign_column": "",
					"join_foreign_column_nullable": false,
					"join_foreign_column_unique": false
				}
			],
			"is_view": false,
			"view_capabilities": {
				"can_insert": false,
				"can_upsert": false
			}
		},
		{
			"name": "video_tags",
			"schema_name": "",
			"columns": [
				{
					"name": "video_id",
					"type": "int",
					"db_type": "int",
					"default": "",
					"comment": "",
					"nullable": false,
					"unique": false,
					"validated": false,
					"auto_generated": false,
					"arr_type": null,
					"udt_name": "",
					"domain_name": null,
					"full_db_type": "int"
				},
				{
					"name": "tag_id",
					"type": "int",
					"db_type": "int",
					"default": "",
					"comment": "",
					"nullable": false,
					"unique": false,
					"validated": false,
					"auto_generated": false,
					"arr_type": null,
					"udt_name": "",
					"domain_name": null,
					"full_db_type": "int"
				}
			],
			"p_key": {
				"name": "PRIMARY",
				"columns": [
					"video_id",
					"tag_id"
				]
			},
			"f_keys": [
				{
					"table": "video_tags",
					"name": "video_tags_ibfk_1",
					"column": "video_id",
					"nullable": false,
					"unique": false,
					"foreign_table": "videos",
					"foreign_column": "id",
					"foreign_column_nullable": false,
					"foreign_column_unique": true
				},
				{
					"table": "video_tags",
					"name": "video_tags_ibfk_2",
					"column": "tag_id",
					"nullable": false,
					"unique": false,
					"foreign_table": "tags",
					"foreign_column": "id",
					"foreign_column_nullable": false,
					"foreign_column_unique": true
				}
			],
			"is_join_table": true,
			"to_one_relationships": null,
			"to_many_relationships": null,
			"is_view": false,
			"view_capabilities": {
				"can_insert": false,
				"can_upsert": false
			}
		},
		{
			"name": "videos",
			"schema_name": "",
			"columns": [
				{
					"name": "id",
					"type": "int",
					"db_type": "int",
					"default": "auto_increment",
					"comment": "",
					"nullable": false,
					"unique": true,
					"validated": false,
					"auto_generated": false,
					"arr_type": null,
					"udt_name": "",
					"domain_name": null,
					"full_db_type": "int"
				},
				{
					"name": "user_id",
					"type": "int",
					"db_type": "int",
					"default": "",
					"comment": "",
					"nullable": false,
					"unique": false,
					"validated": false,
					"auto_generated": false,
					"arr_type": null,
					"udt_name": "",
					"domain_name": null,
					"full_db_type": "int"
				},
				{
					"name": "sponsor_id",
					"type": "null.Int",
					"db_type": "int",
					"default": "",
					"comment": "",
					"nullable": true,
					"unique": true,
					"validated": false,
					"auto_generated": false,
					"arr_type": null,
					"udt_name": "",
					"domain_name": null,
					"full_db_type": "int"
				}
			],
			"p_key": {
				"name": "PRIMARY",
				"columns": [
					"id"
				]
			},
			"f_keys": [
				{
					"table": "videos",
					"name": "videos_ibfk_1",
					"column": "user_id",
					"nullable": false,
					"unique": false,
					"foreign_table": "users",
					"foreign_column": "id",
					"foreign_column_nullable": false,
					"foreign_column_unique": true
				},
				{
					"table": "videos",
					"name": "videos_ibfk_2",
					"column": "sponsor_id",
					"nullable": true,
					"unique": true,
					"foreign_table": "sponsors",
					"foreign_column": "id",
					"foreign_column_nullable": false,
					"foreign_column_unique": true
				}
			],
			"is_join_table": false,
			"to_one_relationships": null,
			"to_many_relationships": [
				{
					"name": "",
					"table": "videos",
					"column": "id",
					"nullable": false,
					"unique": true,
					"foreign_table": "tags",
					"foreign_column": "id",
					"foreign_column_nullable": false,
					"foreign_column_unique": true,
					"to_join_table": true,
					"join_table": "video_tags",
					"join_local_fkey_name": "video_tags_ibfk_1",
					"join_local_column": "video_id",
					"join_local_column_nullable": false,
					"join_local_column_unique": false,
					"join_foreign_fkey_name": "video_tags_ibfk_2",
					"join_foreign_column": "tag_id",
					"join_foreign_column_nullable": false,
					"join_foreign_column_unique": false
				}
			],
			"is_view": false,
			"view_capabilities": {
				"can_insert": false,
				"can_upsert": false
			}
		},
		{
			"name": "user_videos",
			"schema_name": "",
			"columns": [
				{
					"name": "user_id",
					"type": "int",
					"db_type": "int",
					"default": "0",
					"comment": "",
					"nullable": false,
					"unique": false,
					"validated": false,
					"auto_generated": false,
					"arr_type": null,
					"udt_name": "",
					"domain_name": null,
					"full_db_type": "int"
				},
				{
					"name": "video_id",
					"type": "int",
					"db_type": "int",
					"default": "0",
					"comment": "",
					"nullable": false,
					"unique": false,
					"validated": false,
					"auto_generated": false,
					"arr_type": null,
					"udt_name": "",
					"domain_name": null,
					"full_db_type": "int"
				},
				{
					"name": "sponsor_id",
					"type": "null.Int",
					"db_type": "int",
					"default": "",
					"comment": "",
					"nullable": true,
					"unique": false,
					"validated": false,
					"auto_generated": false,
					"arr_type": null,
					"udt_name": "",
					"domain_name": null,
					"full_db_type": "int"
				}
			],
			"p_key": null,
			"f_keys": null,
			"is_join_table": false,
			"to_one_relationships": null,
			"to_many_relationships": null,
			"is_view": true,
			"view_capabilities": {
				"can_insert": false,
				"can_upsert": false
			}
		}
	],
	"dialect": {
		"lq": 96,
		"rq": 96,
		"use_index_placeholders": false,
		"use_last_insert_id": true,
		"use_schema": false,
		"use_default_keyword": false,
		"use_top_clause": false,
		"use_output_clause": false,
		"use_case_when_exists_clause": false,
		"use_auto_columns": false
	}
}